unclean_ticker,ticker,company_name,vertical,ipo_type,price,ytd_performance,revenue_ttm,revenue_growth_rate,market_cap,gross_margin,ebitda_margin,net_profit_margin_ttm,ev_to_gp,ev_to_rev,estimated_revenue_growth,ev_to_ntm_rev,price_to_book_value,enterprise_value
MELI,MELI,MercadoLibre,Payments,IPO,1712.41,-0.1323858742463393,35182000000.0,0.46,83694082897.79578,0.426752316525496,0.08819851060201239,0.05295321471206867,6.6770856931530576,2.8494617871923142,0.27929108444312645,2.404917964264112,11.081623276191218,100249764597.0
GDOT,GDOT,Green Dot,Banking,IPO,12.31,-0.023015873015872934,2269571000.0,0.18,638308212.7707057,0.2445700090457624,0.0751895402258841,-0.011432997689871787,-0.6052165946936326,-0.14801782803886726,0.06729316999496571,-0.14093680567209263,0.7467394601152564,-335936970.0
CPAY,CPAY,Corepay (fka Fleetpay),Payments,IPO,396.23,0.31817425729398874,5020502000.0,0.2,25399157647.832577,0.7334459781113523,0.4846684654243739,0.22722787482207954,9.032732125888753,6.62502104909031,0.08693133445134027,6.256371699504131,7.344801379131369,33260931427.0
XROLF,XRO.AU,Xero,B2B SaaS,IPO,40.495403831310085,-0.46102331114496864,2008920379.6491227,0.36,5874829793.177375,0.7042526280156566,0.30827350166469325,0.06067815094612077,5.250660121968275,3.6977911897131657,1.2051497933301554,1.6768888902231287,1.5329645156535368,7428568080.701754
QTWO,QTWO,Q2 Holdings,B2B SaaS,IPO,55.1,-0.20639493014547028,846197000.0,0.14,3132919601.591108,0.5698944808360228,0.1713879864854165,0.10870754682420287,7.06110886627696,4.024086971473546,0.1016013355410974,3.84729161054666,5.340182205853848,3405170323.0
VIRT,VIRT,Virtu Financial Inc,Wealth/Asset Mgmt,IPO,51.97,0.6170133325036171,4081003000.0,0.21,9126912137.745363,0.5544712905136311,0.4168171402961478,0.1678023760335388,6.358958060349152,3.5258596820438504,-0.06692724152649154,5.2402838681764345,2.454773038590525,14389043940.0
SHOP,SHOP,Shopify,Payments,IPO,144.01,-0.08390585241730275,13269000000.0,0.33,174582234592.432,0.4776546838495742,-0.03911372371693421,0.1453,28.143246629378353,13.442753571256311,0.258022526433638,11.700371771045939,14.636650066063623,178371897137.0
PYPL,PYPL,Paypal,Payments,IPO,54.28,-0.058157229441435865,34128000000.0,0.06,60299267201.15585,0.457542194092827,0.2194971870604782,0.14363572433192687,3.014041017803394,1.3790509403715425,0.041963899502969415,1.354287133079002,2.3607184795372507,47064250493.0
SQ,XYZ,Square,Payments,IPO,73.31,0.1252494244052187,25041964000.0,0.05,44342438520.28714,0.46358648227431365,0.04767549382308832,0.014261740812342036,3.425775795504154,1.5881433500982591,0.11190749419337775,1.5258026726755922,1.9976565480407653,39770228600.0
BL,BL,Blackline,B2B SaaS,IPO,26.56,-0.506136110078096,732448000.0,0.09,1538718949.9855947,0.7552713639739613,0.136834287212198,0.0474818690200533,3.2502776497341817,2.4548416338088166,0.10464034668824729,2.344786936115151,4.903988183161004,1798043845.0
PAGS,PAGS,PagSeguro,Payments,IPO,8.9,-0.019326971813914517,3799087644.7668953,0.03,3093854219.7323813,0.5134110811624327,0.49108234983310767,0.10854687062399702,5.36129869176519,2.752550157773902,0.05901948099974974,0.49583183443226014,0.8480067078283405,10457179296.0
ADYEY,ADYEN.AS,Adyen,Payments,IPO,985.1611802831316,-0.39834094250243635,3277078690.0159197,0.31,30226841551.588985,0.7872733714267471,0.5695648960412067,0.39058969839995866,6.833222655537211,5.37961423773441,0.21419328282980032,6.139077502206997,5.263062976980573,17629419178.985672
EVER,EVER,EverQuote,Insurance,IPO,18.59,-0.26897365316555244,755198000.0,0.23,660836269.3935478,0.9764604779144013,0.11968649281380513,0.1515880603497361,0.583141536517132,0.569414663439257,0.10201636705680706,0.5367539250664881,2.551118430080966,430020815.0
STNE,STNE,Stone,Payments,IPO,9.27,-0.23613800604827084,2691285771.8661833,0.06,3351582544.1874475,0.7244114692849769,0.4725389655643598,0.23614207465082399,1.777144195332392,1.2873836376720063,0.050863287483051245,0.23219891976121454,1.213477851083883,3464717267.0
BILL,BILL,Bill.com,B2B SaaS,IPO,41.6,-0.17721518987341778,1653160000.0,0.13,4380204833.0697365,0.8092773839192818,0.07613056207505625,-0.0068,2.887430218295568,2.3367319733117182,0.1983394045343463,1.9499750775697233,1.0847457627118644,3862991829.0
LMND,LMND,Lemonade,Insurance,IPO,43.91,-0.4219325961032122,931000000.0,0.55,2866547112.322551,0.47851772287862515,-0.13125671321160043,-0.14865735767991406,7.389705591470258,3.536105092373792,0.34865809175454077,2.704073209478359,6.7972136222910216,3292113841.0
NCNO,NCNO,nCino,Banking,IPO,18.6,-0.24543610547667327,622244000.0,0.09,2110291292.84652,0.6150995429445684,0.13250429092124633,0.05399328880632035,5.9823614523621655,3.6797477950771724,0.12686801319096697,3.265464767836636,2.1028829847371395,2289700987.0
LSPD,LSPD,Lightspeed POS Inc.,Payments,IPO,9.69,-0.1746166950596253,1244808000.0,0.12,1440255269.670348,0.4309162537515826,0.01189741711171522,-0.07813735130236953,1.6618699217759616,0.716126760914133,0.1407598440884057,0.6277629464476795,0.90164697124779,891440321.0
ROOT,ROOT,Root Insurance,Insurance,IPO,46.73,-0.3409026798307476,1567500000.0,0.15,1778343724.8285065,0.3154066985645933,0.058309409888357255,0.0371,0.8346773118932039,0.26326281531100476,0.01597508962941352,0.26666191174490855,2.2089340581422827,412664463.0
LU,LU,Lufax,Lending,IPO,1.4327136278355792,-0.5455261938170632,3041555433.2301836,0.22,3362733548.43787,0.6511717868595854,0.20387778754369412,-0.07635988129397996,1.7583260159607037,1.1449722936948274,-0.013235896993706753,0.13696799352986921,0.10542876270001467,3482496700.7855277
UPST,UPST,Upstart,Lending,IPO,23.03,-0.4976003490401396,1285890000.0,0.45,1870309941.3078897,0.953615783620683,0.06785805939854886,0.04692003204006564,3.194128103274631,3.0459709741890832,0.3107208990695587,2.7598832715565416,2.809907271839922,3916783616.0
OPEN,OPEN,OpenDoor,PropTech,SPAC,2.43,-0.5996705107084019,3254000000.0,-0.37,1436110186.047283,0.08297480024585126,-0.14566687154271665,-0.4674,13.234870033333333,1.0981606972956361,0.9043724168578469,0.9312366337258435,2.5741525423728815,3573414909.0
CLOV,CLOV,Clover Health,Insurance,SPAC,4.33,0.796680497925311,2476713000.0,0.54,1994086048.3801064,0.18570096737086614,-0.006644693995630499,-0.007413858610182124,4.561579466786106,0.8470897197212596,0.19338862373425636,0.7101800804024091,6.090014064697609,2097998121.0
AFRM,AFRM,Affirm,Lending,IPO,67.21,-0.09212481426448749,4184798000.0,0.3,19216073462.122593,0.6814950207871443,0.298731264926049,0.4529,10.657783520499706,7.263226401847831,0.6340670851974217,4.444876509442889,4.132439744220364,30395135320.0
LDI,LDI,LoanDepot,Lending,IPO,0.6098,-0.7082296650717703,1461990000.0,0.23,198580030.63703424,0.9048078304229167,,-0.0551,4.485981113076609,4.058950838241028,0.09807247287814636,4.6861268587294544,0.7041570438799076,5934145536.0
OSCR,OSCR,Oscar Health,Insurance,IPO,29.65,0.9806279225116898,15318633000.0,0.43,6543335968.395825,0.20157997387887025,0.04295187645007228,0.036,1.871463900971526,0.3772496442730889,0.11012324233030601,0.3085035153534011,4.453958239447198,5778948850.0
COMP,COMP,Compass,PropTech,IPO,9.1,-0.13333333333333341,10555800000.0,0.68,4155796721.90683,0.12689706133121129,0.032967657591087364,0.0064,7.798898701007839,0.9896573267776957,0.08486117700179285,0.7230517566327881,2.3008849557522124,10446624810.0
ALKT,ALKT,Alkami Technology,B2B SaaS,IPO,13.39,-0.40961199294532624,489727000.0,0.27,1278845973.7677093,0.5701053852452489,-0.017542426698956767,-0.09210846042795272,6.585179973925128,3.754246565943883,0.16643555230984108,3.4697932645481497,3.948687702742554,1838555908.0
COIN,COIN,Coinbase,Wealth/Asset Mgmt,Direct Listing,191.79,-0.1891514818416269,5533928999.0,-0.21,45258139085.50133,0.7901225331568443,-0.12267504699150912,-0.1784927128950322,11.417858453029163,9.02150724413369,0.2902308815115284,9.361169243990261,3.8679035998789955,49924380553.0
FLYW,FLYW,Flywire,Payments,IPO,17.3,0.24460431654676262,713538000.0,0.32,2008767884.159938,0.5749210273314105,0.10743786595808492,0.04769893124122331,4.365396469768031,2.5097582231079496,0.1539535978344715,2.352794559934032,2.5763216679076697,1790807863.0
PAY,PAY,Paymentus,Payments,IPO,29.92,0.050930804355461934,1360372000.0,0.3,3614327427.240084,0.24947881902891267,0.10554465984304293,0.062397638293055134,10.027079729745656,2.5015440092856953,0.17866949267139787,2.3468718285100434,6.142475877643194,3403030427.0
SOFI,SOFI,SoFi,Banking,SPAC,15.93,-0.4198834668608886,5582615000.0,0.34,14827780643.963066,0.7645931163083967,0.16613128435330038,0.11397239465734248,5.028339859934416,3.8446340433649824,0.2553008728443926,4.399883668033733,1.8557781919850886,21463111680.0
DLO,DLO,dLocal,Payments,IPO,13.82,-0.0012502439059643988,1355896000.0,0.57,4157920133.1600986,0.34281832824936426,0.19412772071014295,0.150434841610271,7.029463401358788,2.4098288917439095,0.2974518694600796,2.0495111861559043,7.366737739872069,3267477355.0
MQ,MQ,Marqeta,Payments,IPO,16.89,-0.08997844827586199,677212000.0,0.22,2204741712.6844974,0.5716452159737275,0.06761398203221443,0.01533197875997472,2.569457358734259,1.4688180067689292,0.14654503478886172,1.4128735051746448,2.4570846668606343,994701180.0
PAYO,PAYO,Payoneer,Payments,SPAC,7.14,0.3124999999999998,1081396000.0,0.06,2546864758.6326504,0.7799825410857817,0.17133409037947245,0.046483434375566395,2.5599451895147425,1.996712553958032,0.10323813196040477,1.9252792659283369,3.701399688958009,2159236969.0
INTA,INTA,Intapp Inc.,B2B SaaS,IPO,35.39,-0.19329838158194657,577805000.0,0.15,2506396890.3372817,0.7577816045205562,-0.025204004811311773,-0.07149470842239164,6.033758922005253,4.572271517207362,0.3142953245472089,3.4788768032653294,8.523603082851638,2641881344.0
WPLCF,WISE.LSE,Wise,Payments,Direct Listing,11.361290794800542,-0.032432584291341104,2714583769.8833513,0.16,11432920115.19758,0.5752964215229128,0.2564547698675114,0.184205666018268,-13.19171854316323,0.8832,-0.0393385722953542,-7.899920047536804,8.195996822103982,-20601379268.292683
BLND,BLND,Blend Labs,PropTech,IPO,1.09,-0.6390728476821192,129972000.0,-0.1,253849549.13070807,0.7474917674576063,0.04535848490444096,-0.0035238359031175945,2.285775189649316,1.7085981365217124,0.09105974745095136,1.7325885938096,-3.4713375796178347,222069917.0
HOOD,HOOD,Robinhood,Wealth/Asset Mgmt,IPO,116.46,0.010849752625640141,4932000000.0,0.38,104490765386.07841,0.814882400648824,0.4787104622871046,0.42011354420113545,29.077231872605125,23.694524512570965,0.2743776975938965,22.437217282820832,11.044096728307254,116861394896.0
HIPO,HIPO,Hippo Insurance,Insurance,SPAC,30.85,0.029019346230820586,507200000.0,0.19,704038951.3400179,0.47141167192429023,0.24270504731861198,0.23915615141955837,2.468542488498536,1.163699741719243,0.32985586822237467,1.0127462405628003,1.7482715629604444,590228509.0
TOST,TOST,Toast,Payments,IPO,30.38,-0.10699588477366262,6804000000.0,0.23,15539713776.70608,0.2671957671957672,0.07907113462669019,0.07142857142857142,8.513300330033003,2.2747178130511463,0.18403047225579638,2.072076871832491,8.572234762979683,15477180000.0
RELY,RELY,Remitly,Payments,IPO,21.89,0.6558245083207261,1809629000.0,0.24,4065162673.577911,0.6001235612382427,0.11672724077697694,0.1686,3.349801602392631,2.010294867069438,0.19420327356391986,1.831180432850535,4.1115702479338845,3637887890.0
NRDS,NRDS,Nerdwallet,Banking,IPO,8.52,-0.3410672853828306,860000000.0,0.12,662718260.7030244,0.935,0.1644186046511628,0.0755813953488372,0.5373432520830742,0.5024159406976744,0.06019625437143383,0.4733832367016381,1.6705882352941177,432077709.0
NU,NU,NuBank,Banking,IPO,12.23,-0.281433607520564,19379991000.0,0.52,55867633861.6188,0.44026243355840566,0.23126584522149674,0.18612526703443774,6.607488943286215,2.9090291618814477,0.22224063280912798,2.469557112379377,4.458621946773606,56376958976.0
DAVE,DAVE,Dave,Banking,SPAC,320.7,0.4611809732094041,643653000.0,0.49,3907694481.726072,0.8329410412132002,0.45803717220303486,0.34589444933838576,8.439001369083703,7.0291905871642015,0.22415663036294786,6.1975146667650005,19.677261013621305,4524359609.0
BULL,BULL,Webull,Wealth/Asset Mgmt,SPAC,7.05,-0.13919413919413914,680893717.0,0.49,3742210755.595508,0.7746422236409034,0.10128173205040751,0.06256559127567922,6.221274195060932,4.819261676341772,0.22174401464724047,4.07318033918292,3.578680203045685,3281404996.0
ETOR,ETOR,eToro,Wealth/Asset Mgmt,IPO,25.82,-0.27634529147982057,8477370000.0,-0.36,3073878454.691435,0.09440097577432624,0.0403461214975871,0.030840107250243883,1.228732612161865,0.11599355755381681,0.10910821699243889,1.0677411176615665,1.5474050101881818,983320305.0
CHYM,CHYM,Chime,Banking,IPO,26.69,0.010984848484848486,2364238000.0,0.22,13011044612.544367,0.8726164624712064,-0.002517090072996035,-0.007695079767772957,4.398031714340695,3.837794876404152,0.20836652683677803,3.2744068471059453,7.194070080862534,9073460483.0
CRCL,CRCL,Circle,Banking,IPO,85.8,0.02791422067808802,2905439000.0,0.37,15927838086.732544,0.20047607263480666,0.17207072666127218,0.1553207621980706,35.85100700979105,7.187269085325832,0.24105124563117597,6.939345509926838,6.180220413455305,20882171904.0
BLSH,BLSH,Bullish,Wealth/Asset Mgmt,IPO,35.99,-0.08329088130412621,157956263000.0,-0.39,9314887345.151999,0.00039572979768456537,-0.0050301644829366466,0.0,85.35373325014397,0.03377701559070184,0.1372522587060827,14.91248611481535,2.2605363984674334,5335291158.0
KLAR,KLAR,Klarna,Lending,IPO,12.41,-0.5656282814140707,4039000000.0,1.71,5623037303.466667,0.6179747462243129,-0.0049517207229512255,-0.03540480316910126,0.9091872011217949,0.5618547298836346,0.10916213171577116,0.5065578005394913,1.9276172724448588,2269331254.0
FIGR,FIGR,Figure,Lending,IPO,29.33,-0.3294467306812987,713333000.0,1.31,4518357150.3151455,0.869868630779734,0.38596840465813304,0.33242118337438475,12.587255019290708,10.949258288905742,0.4056662016082646,8.638858936061304,4.641557208419053,7810467263.0
GEMI,GEMI,Gemini,Wealth/Asset Mgmt,IPO,5.2,-0.4980694980694981,206708000.0,0.44,979892576.3965688,-0.2671884977843141,-2.1971234785301004,-2.5013013526326993,-13.587825475285172,3.6305106768968787,0.19581345641408565,4.05121580103267,1.4141963557247756,750455601.0
SLDE,SLDE,Slide Insurance,Insurance,IPO,22.86,0.23568903447604828,1388800000.0,0.41,2851191528.0327854,0.8419664458525346,0.5233309331797235,0.4001735311059908,1.2688812825883011,1.0683554637096775,0.03793367770410794,0.9815919777121977,2.2110455556630235,1483732068.0
NAVN,NAVN,Navan,Payments,IPO,19.98,0.740418118466899,825873000.0,0.35,4981000666.196888,0.7256672636107488,-0.3264145940114279,-0.42109743265611055,8.025375866205914,5.823752544277389,0.39802648833416265,4.165695423422742,3.9470564994073487,4809679985.0
WLTH,WLTH,Wealthfront,Wealth/Asset Mgmt,IPO,10.0,0.19047619047619047,371714000.0,0.09,1495554083.1826396,0.16451895812371878,-0.4078296755032095,-0.19419999999999998,17.85582576773392,2.937621851746235,0.18244717713080494,2.484357786598419,2.433682161109759,1091955169.0
BTGO,BTGO,BITGO,Wealth/Asset Mgmt,IPO,7.26,-0.2515463917525773,20069963000.0,2.27,803657565.1597631,0.009517257256528076,-0.005999512804283695,-0.0053,6.592807442540966,0.06274544447341532,0.2253533999258377,0.07347643974443405,2.0166666666666666,1259298749.0
LIFE,LIFE,Ethos Insurance,Insurance,IPO,34.24,1.1253879577901924,586532000.0,1.34,3161591230.979951,0.9706716769076538,-0.16711620167356597,-0.1815,3.5140214638259004,3.4109611069813752,0.3075556801161179,2.7229083737158213,4.584895554365292,2000637840.0
PAYP,PAYP,PayPay,Payments,IPO,16.0,0.1307420494699647,395791232000.0,0.29,10173828511.93935,0.7904332529529103,0.3247896709343981,0.31127331542301573,0.04228526993414097,0.03342368346603494,0.407747632241636,0.023742667151790926,4.117238362368441,13228800857.0
PICS,PICS,PICS,Payments,IPO,8.32,-0.31182795698924726,12156168000.0,0.65,1032790228.158688,0.664099330644328,0.4503341671487265,0.0997,-0.2414076493022343,-0.1603186583140345,0.3830952701938952,-0.12730982957596285,0.881150579314143,-1948860544.0
