,Fintech,S&P500,NASDAQ,EMCLOUD
2014-12-31,0.00%,0.00%,0.00%,0.00%
2015-01-02,-0.21%,-0.03%,-0.20%,-1.11%
2015-01-05,-2.80%,-1.86%,-1.76%,-2.12%
2015-01-06,-4.16%,-2.73%,-3.03%,-3.20%
2015-01-07,-3.38%,-1.60%,-1.81%,-2.73%
2015-01-08,-1.40%,0.16%,0.00%,0.20%
2015-01-09,-2.35%,-0.68%,-0.68%,-0.28%
2015-01-12,-3.62%,-1.49%,-1.51%,-0.68%
2015-01-13,-3.62%,-1.74%,-1.57%,-0.59%
2015-01-14,-4.61%,-2.31%,-2.04%,-1.79%
2015-01-15,-6.45%,-3.22%,-3.49%,-3.95%
2015-01-16,-4.17%,-1.92%,-2.15%,-2.37%
2015-01-20,-4.40%,-1.77%,-1.71%,-2.41%
2015-01-21,-4.70%,-1.30%,-1.45%,-2.28%
2015-01-22,-2.69%,0.21%,0.30%,-0.68%
2015-01-23,-1.71%,-0.34%,0.46%,0.73%
2015-01-26,-1.59%,-0.09%,0.75%,1.04%
2015-01-27,-2.55%,-1.43%,-1.15%,-0.53%
2015-01-28,-3.28%,-2.76%,-2.07%,-1.96%
2015-01-29,-2.63%,-1.83%,-1.11%,-0.51%
2015-01-30,-4.73%,-3.10%,-2.13%,-2.27%
2015-02-02,-3.33%,-1.85%,-1.25%,-0.72%
2015-02-03,-1.80%,-0.43%,-0.18%,0.88%
2015-02-04,-1.16%,-0.84%,-0.41%,2.25%
2015-02-05,0.42%,0.18%,0.61%,2.97%
2015-02-06,0.15%,-0.17%,0.18%,2.66%
2015-02-09,-1.53%,-0.59%,-0.21%,1.50%
2015-02-10,-0.91%,0.47%,1.09%,3.34%
2015-02-11,-1.04%,0.47%,1.38%,3.62%
2015-02-12,1.00%,1.44%,2.57%,4.94%
2015-02-13,1.42%,1.85%,3.33%,8.17%
2015-02-17,2.34%,2.01%,3.45%,8.26%
2015-02-18,3.13%,1.98%,3.60%,9.13%
2015-02-19,3.99%,1.87%,3.98%,10.02%
2015-02-20,5.36%,2.50%,4.64%,10.91%
2015-02-23,5.35%,2.47%,4.75%,9.41%
2015-02-24,5.28%,2.75%,4.90%,9.70%
2015-02-25,9.21%,2.67%,4.88%,9.96%
2015-02-26,9.43%,2.52%,5.32%,11.06%
2015-02-27,7.52%,2.21%,4.80%,9.89%
2015-03-02,8.41%,2.84%,5.74%,10.71%
2015-03-03,8.90%,2.37%,5.15%,9.56%
2015-03-04,7.63%,1.92%,4.88%,6.75%
2015-03-05,8.85%,2.05%,5.21%,7.66%
2015-03-06,7.23%,0.60%,4.04%,5.77%
2015-03-09,5.19%,1.00%,4.36%,5.68%
2015-03-10,3.39%,-0.72%,2.61%,4.08%
2015-03-11,4.26%,-0.91%,2.40%,5.23%
2015-03-12,5.85%,0.34%,3.32%,6.83%
2015-03-13,6.12%,-0.27%,2.87%,6.45%
2015-03-16,6.68%,1.08%,4.08%,8.09%
2015-03-17,6.00%,0.75%,4.25%,9.80%
2015-03-18,6.74%,1.97%,5.21%,10.98%
2015-03-19,6.25%,1.48%,5.41%,11.83%
2015-03-20,7.15%,2.39%,6.13%,11.29%
2015-03-23,7.12%,2.21%,5.80%,10.61%
2015-03-24,6.36%,1.58%,5.46%,9.86%
2015-03-25,5.08%,0.10%,2.97%,5.97%
2015-03-26,4.97%,-0.13%,2.69%,7.05%
2015-03-27,5.55%,0.10%,3.28%,8.19%
2015-03-30,5.80%,1.33%,4.46%,9.45%
2015-03-31,5.31%,0.44%,3.48%,8.44%
2015-04-01,5.65%,0.04%,3.04%,7.64%
2015-04-02,6.39%,0.39%,3.19%,8.09%
2015-04-06,6.43%,1.05%,3.83%,9.60%
2015-04-07,7.27%,0.85%,3.68%,9.45%
2015-04-08,8.39%,1.12%,4.53%,10.97%
2015-04-09,8.56%,1.57%,5.04%,10.66%
2015-04-10,9.11%,2.10%,5.49%,11.89%
2015-04-13,8.60%,1.63%,5.33%,11.04%
2015-04-14,8.60%,1.79%,5.09%,10.10%
2015-04-15,9.27%,2.32%,5.81%,11.69%
2015-04-16,9.28%,2.24%,5.74%,12.31%
2015-04-17,7.67%,1.08%,4.13%,8.61%
2015-04-20,8.79%,2.02%,5.46%,10.57%
2015-04-21,9.55%,1.86%,5.87%,12.16%
2015-04-22,9.80%,2.38%,6.32%,12.24%
2015-04-23,11.16%,2.62%,6.76%,14.28%
2015-04-24,9.07%,2.86%,7.52%,13.62%
2015-04-27,9.65%,2.43%,6.85%,12.79%
2015-04-28,9.77%,2.71%,6.74%,13.03%
2015-04-29,10.59%,2.33%,6.07%,14.61%
2015-04-30,8.44%,1.29%,4.34%,11.77%
2015-05-01,8.96%,2.40%,5.69%,13.19%
2015-05-04,9.81%,2.70%,5.93%,13.97%
2015-05-05,8.70%,1.48%,4.29%,9.01%
2015-05-06,7.57%,1.03%,3.88%,10.24%
2015-05-07,6.91%,1.41%,4.42%,11.33%
2015-05-08,7.50%,2.78%,5.65%,12.29%
2015-05-11,6.81%,2.26%,5.44%,12.96%
2015-05-12,6.47%,1.95%,5.07%,12.78%
2015-05-13,6.55%,1.92%,5.19%,12.62%
2015-05-14,7.66%,3.02%,6.65%,14.41%
2015-05-15,7.55%,3.10%,6.59%,12.72%
2015-05-18,7.80%,3.41%,7.23%,14.57%
2015-05-19,7.04%,3.35%,7.05%,14.26%
2015-05-20,7.14%,3.25%,7.09%,14.34%
2015-05-21,8.26%,3.49%,7.49%,14.67%
2015-05-22,7.82%,3.26%,7.46%,14.52%
2015-05-26,6.52%,2.20%,6.26%,13.54%
2015-05-27,6.96%,3.14%,7.82%,13.93%
2015-05-28,6.07%,3.01%,7.64%,14.29%
2015-05-29,5.65%,2.36%,7.05%,13.05%
2015-06-01,6.17%,2.57%,7.32%,12.93%
2015-06-02,6.20%,2.46%,7.19%,12.41%
2015-06-03,6.21%,2.68%,7.67%,14.01%
2015-06-04,5.15%,1.79%,6.82%,12.72%
2015-06-05,6.66%,1.65%,7.02%,14.73%
2015-06-08,5.41%,0.99%,6.03%,13.65%
2015-06-09,5.07%,1.03%,5.87%,13.70%
2015-06-10,8.50%,2.25%,7.19%,14.85%
2015-06-11,7.53%,2.43%,7.32%,14.83%
2015-06-12,8.01%,1.71%,6.65%,15.07%
2015-06-15,7.71%,1.24%,6.21%,16.09%
2015-06-16,8.68%,1.82%,6.75%,17.72%
2015-06-17,7.98%,2.02%,6.94%,18.25%
2015-06-18,8.98%,3.03%,8.38%,20.20%
2015-06-19,8.70%,2.48%,8.04%,19.84%
2015-06-22,8.95%,3.11%,8.82%,20.44%
2015-06-23,10.84%,3.17%,8.95%,21.10%
2015-06-24,9.52%,2.41%,8.16%,18.79%
2015-06-25,10.17%,2.11%,7.94%,19.66%
2015-06-26,9.41%,2.07%,7.27%,17.63%
2015-06-29,5.68%,-0.06%,4.70%,14.01%
2015-06-30,6.45%,0.20%,5.30%,14.85%
2015-07-01,6.25%,0.90%,5.85%,15.03%
2015-07-02,5.63%,0.87%,5.77%,13.70%
2015-07-06,4.49%,0.48%,5.40%,13.25%
2015-07-07,3.77%,1.09%,5.52%,13.08%
2015-07-08,1.79%,-0.59%,3.67%,11.85%
2015-07-09,3.24%,-0.37%,3.93%,13.39%
2015-07-10,3.88%,0.86%,5.52%,14.80%
2015-07-13,5.00%,1.98%,7.08%,15.12%
2015-07-14,4.57%,2.43%,7.79%,16.49%
2015-07-15,4.52%,2.36%,7.66%,16.15%
2015-07-16,4.85%,3.18%,9.02%,17.65%
2015-07-17,4.52%,3.29%,10.01%,16.91%
2015-07-20,5.26%,3.37%,10.19%,17.67%
2015-07-21,4.44%,2.93%,9.97%,17.35%
2015-07-22,4.74%,2.68%,9.20%,17.20%
2015-07-23,3.48%,2.10%,8.66%,17.38%
2015-07-24,3.38%,1.01%,7.44%,17.67%
2015-07-27,2.07%,0.42%,6.41%,14.98%
2015-07-28,1.92%,1.67%,7.46%,16.20%
2015-07-29,3.41%,2.41%,7.93%,16.16%
2015-07-30,2.83%,2.42%,8.29%,16.37%
2015-07-31,3.34%,2.18%,8.28%,18.58%
2015-08-03,2.51%,1.90%,8.01%,17.77%
2015-08-04,2.52%,1.67%,7.80%,18.13%
2015-08-05,2.23%,1.99%,8.53%,21.37%
2015-08-06,0.89%,1.20%,6.76%,17.87%
2015-08-07,1.92%,0.91%,6.49%,17.55%
2015-08-10,2.52%,2.20%,7.72%,19.42%
2015-08-11,0.65%,1.22%,6.35%,18.48%
2015-08-12,0.62%,1.32%,6.51%,18.07%
2015-08-13,0.27%,1.19%,6.28%,17.95%
2015-08-14,0.86%,1.59%,6.59%,18.46%
2015-08-17,1.84%,2.11%,7.51%,20.83%
2015-08-18,0.83%,1.85%,6.83%,18.91%
2015-08-19,0.30%,1.01%,5.98%,18.46%
2015-08-20,-3.00%,-1.13%,2.99%,13.41%
2015-08-21,-4.67%,-4.27%,-0.63%,11.17%
2015-08-24,-8.09%,-8.05%,-4.43%,6.55%
2015-08-25,-8.34%,-9.29%,-4.85%,6.47%
2015-08-26,-5.67%,-5.75%,-0.81%,8.84%
2015-08-27,-3.64%,-3.46%,1.62%,10.74%
2015-08-28,-3.80%,-3.40%,1.95%,11.88%
2015-08-31,-4.78%,-4.21%,0.85%,10.36%
2015-09-01,-6.87%,-7.05%,-2.11%,7.06%
2015-09-02,-6.00%,-5.34%,0.29%,9.18%
2015-09-03,-4.48%,-5.23%,-0.05%,9.30%
2015-09-04,-5.63%,-6.69%,-1.10%,8.50%
2015-09-08,-2.80%,-4.35%,1.60%,12.33%
2015-09-09,-4.04%,-5.68%,0.43%,11.24%
2015-09-10,-4.04%,-5.18%,1.27%,12.23%
2015-09-11,-4.08%,-4.75%,1.82%,13.22%
2015-09-14,-4.03%,-5.14%,1.47%,12.66%
2015-09-15,-2.18%,-3.92%,2.63%,13.92%
2015-09-16,-1.69%,-3.09%,3.23%,14.02%
2015-09-17,2.20%,-3.34%,3.33%,15.24%
2015-09-18,1.53%,-4.90%,1.93%,15.42%
2015-09-21,1.27%,-4.47%,1.96%,16.12%
2015-09-22,-0.80%,-5.64%,0.44%,14.57%
2015-09-23,-0.99%,-5.84%,0.35%,14.83%
2015-09-24,-3.06%,-6.15%,-0.03%,13.07%
2015-09-25,-3.34%,-6.20%,-1.05%,11.18%
2015-09-28,-5.80%,-8.60%,-4.06%,7.70%
2015-09-29,-7.01%,-8.49%,-4.62%,7.24%
2015-09-30,-5.98%,-6.74%,-2.45%,8.86%
2015-10-01,-6.21%,-6.56%,-2.30%,8.57%
2015-10-02,-4.47%,-5.22%,-0.60%,10.88%
2015-10-05,-2.46%,-3.49%,0.95%,12.95%
2015-10-06,-3.48%,-3.84%,0.26%,11.74%
2015-10-07,-1.60%,-3.06%,1.16%,13.08%
2015-10-08,-0.14%,-2.21%,1.58%,13.20%
2015-10-09,-0.65%,-2.14%,1.99%,13.95%
2015-10-12,-2.84%,-2.01%,2.17%,13.75%
2015-10-13,-3.78%,-2.68%,1.28%,11.99%
2015-10-14,-4.27%,-3.14%,0.99%,10.69%
2015-10-15,-2.88%,-1.70%,2.83%,13.47%
2015-10-16,-2.55%,-1.25%,3.18%,15.33%
2015-10-19,-2.78%,-1.23%,3.58%,15.05%
2015-10-20,-1.88%,-1.37%,3.06%,13.87%
2015-10-21,-3.99%,-1.94%,2.20%,11.19%
2015-10-22,-1.98%,-0.31%,3.89%,14.11%
2015-10-23,-1.21%,0.79%,6.25%,14.97%
2015-10-26,1.03%,0.60%,6.31%,15.07%
2015-10-27,-0.65%,0.34%,6.21%,13.81%
2015-10-28,0.93%,1.53%,7.59%,16.85%
2015-10-29,-0.38%,1.48%,7.14%,16.01%
2015-10-30,0.11%,0.99%,6.71%,16.74%
2015-11-02,1.85%,2.19%,8.26%,18.38%
2015-11-03,4.14%,2.47%,8.64%,18.78%
2015-11-04,3.22%,2.11%,8.58%,21.65%
2015-11-05,3.28%,1.99%,8.27%,20.80%
2015-11-06,3.31%,1.96%,8.68%,23.08%
2015-11-09,3.10%,0.96%,7.59%,22.47%
2015-11-10,3.52%,1.11%,7.33%,22.10%
2015-11-11,2.23%,0.78%,6.99%,22.62%
2015-11-12,0.64%,-0.63%,5.68%,22.54%
2015-11-13,-1.83%,-1.74%,4.05%,19.37%
2015-11-16,0.07%,-0.28%,5.25%,20.40%
2015-11-17,0.93%,-0.41%,5.28%,21.51%
2015-11-18,1.81%,1.20%,7.16%,23.63%
2015-11-19,2.07%,1.09%,7.13%,25.29%
2015-11-20,2.46%,1.47%,7.79%,24.87%
2015-11-23,1.76%,1.34%,7.74%,24.30%
2015-11-24,0.74%,1.47%,7.74%,25.56%
2015-11-25,0.99%,1.46%,8.03%,26.63%
2015-11-27,0.46%,1.52%,8.27%,26.77%
2015-11-30,0.37%,1.04%,7.87%,26.32%
2015-12-01,0.33%,2.12%,8.87%,26.75%
2015-12-02,0.10%,1.00%,8.17%,26.73%
2015-12-03,-2.12%,-0.45%,6.37%,24.07%
2015-12-04,0.56%,1.59%,8.58%,26.52%
2015-12-07,-1.06%,0.88%,7.72%,24.89%
2015-12-08,-0.42%,0.23%,7.65%,25.89%
2015-12-09,-1.85%,-0.55%,6.06%,24.02%
2015-12-10,-0.78%,-0.32%,6.53%,23.77%
2015-12-11,-3.33%,-2.26%,4.17%,20.90%
2015-12-14,-2.79%,-1.80%,4.56%,20.57%
2015-12-15,0.06%,-0.75%,5.48%,22.19%
2015-12-16,-0.08%,0.69%,7.08%,24.42%
2015-12-17,-1.12%,-0.83%,5.63%,23.31%
2015-12-18,-2.85%,-2.59%,3.95%,20.95%
2015-12-21,-0.79%,-1.83%,4.92%,22.23%
2015-12-22,0.71%,-0.97%,5.60%,23.31%
2015-12-23,1.91%,0.26%,6.54%,24.28%
2015-12-24,1.92%,0.10%,6.60%,24.54%
2015-12-28,0.81%,-0.12%,6.44%,24.75%
2015-12-29,2.04%,0.95%,7.85%,26.04%
2015-12-30,0.77%,0.22%,6.96%,25.06%
2015-12-31,0.21%,-0.73%,5.73%,23.28%
2016-01-04,-3.13%,-2.25%,3.53%,20.11%
2016-01-05,-4.49%,-2.05%,3.28%,18.80%
2016-01-06,-5.74%,-3.33%,2.11%,17.26%
2016-01-07,-8.23%,-5.62%,-0.98%,13.90%
2016-01-08,-9.15%,-6.65%,-1.95%,11.97%
2016-01-11,-9.17%,-6.57%,-2.07%,11.83%
2016-01-12,-9.02%,-5.84%,-1.06%,13.03%
2016-01-13,-12.29%,-8.19%,-4.43%,8.04%
2016-01-14,-10.54%,-6.66%,-2.56%,10.01%
2016-01-15,-12.25%,-8.67%,-5.23%,7.72%
2016-01-19,-12.74%,-8.62%,-5.47%,5.18%
2016-01-20,-14.43%,-9.69%,-5.58%,5.36%
2016-01-21,-13.97%,-9.22%,-5.57%,5.86%
2016-01-22,-12.10%,-7.38%,-3.06%,9.14%
2016-01-25,-12.85%,-8.83%,-4.59%,5.42%
2016-01-26,-11.85%,-7.54%,-3.56%,5.41%
2016-01-27,-13.17%,-8.55%,-5.66%,2.09%
2016-01-28,-8.37%,-8.04%,-4.84%,-0.01%
2016-01-29,-4.06%,-5.76%,-2.58%,2.36%
2016-02-01,-2.20%,-5.81%,-2.44%,3.90%
2016-02-02,-3.06%,-7.57%,-4.63%,0.43%
2016-02-03,-2.41%,-7.11%,-4.89%,1.15%
2016-02-04,-2.05%,-6.97%,-4.78%,1.79%
2016-02-05,-7.24%,-8.69%,-7.87%,-9.58%
2016-02-08,-11.06%,-9.98%,-9.55%,-16.77%
2016-02-09,-13.27%,-10.04%,-9.87%,-19.20%
2016-02-10,-12.88%,-10.06%,-9.55%,-16.98%
2016-02-11,-11.60%,-11.16%,-9.91%,-15.27%
2016-02-12,-9.72%,-9.43%,-8.42%,-13.53%
2016-02-16,-6.33%,-7.93%,-6.34%,-10.45%
2016-02-17,-3.91%,-6.42%,-4.26%,-6.38%
2016-02-18,-4.16%,-6.85%,-5.25%,-7.71%
2016-02-19,-4.64%,-6.85%,-4.89%,-6.15%
2016-02-22,-3.61%,-5.51%,-3.49%,-4.10%
2016-02-23,-5.53%,-6.68%,-4.91%,-5.65%
2016-02-24,-3.16%,-6.27%,-4.08%,-3.59%
2016-02-25,-2.24%,-5.21%,-3.25%,-1.66%
2016-02-26,-1.00%,-5.38%,-3.07%,0.48%
2016-02-29,0.54%,-6.15%,-3.76%,0.44%
2016-03-01,3.44%,-3.91%,-0.98%,4.35%
2016-03-02,4.87%,-3.52%,-0.69%,5.20%
2016-03-03,5.26%,-3.18%,-0.60%,5.97%
2016-03-04,5.20%,-2.86%,-0.40%,6.42%
2016-03-07,5.83%,-2.78%,-0.59%,6.89%
2016-03-08,3.19%,-3.87%,-1.84%,4.94%
2016-03-09,4.60%,-3.38%,-1.30%,5.08%
2016-03-10,3.64%,-3.37%,-1.56%,3.02%
2016-03-11,5.95%,-1.78%,0.26%,4.88%
2016-03-14,6.19%,-1.91%,0.30%,4.87%
2016-03-15,6.10%,-2.09%,-0.16%,2.66%
2016-03-16,7.12%,-1.54%,0.59%,3.80%
2016-03-17,7.83%,-0.89%,0.82%,4.40%
2016-03-18,7.77%,-0.45%,1.26%,6.03%
2016-03-21,11.93%,-0.35%,1.54%,5.69%
2016-03-22,11.78%,-0.44%,1.81%,5.56%
2016-03-23,9.43%,-1.08%,0.69%,2.97%
2016-03-24,7.19%,-1.12%,0.79%,3.16%
2016-03-28,7.61%,-1.06%,0.65%,3.47%
2016-03-29,9.78%,-0.19%,2.33%,6.23%
2016-03-30,10.72%,0.25%,2.81%,6.82%
2016-03-31,10.65%,0.04%,2.83%,7.30%
2016-04-01,10.65%,0.67%,3.77%,7.87%
2016-04-04,9.84%,0.35%,3.29%,8.62%
2016-04-05,8.79%,-0.67%,2.28%,7.44%
2016-04-06,11.11%,0.38%,3.90%,9.38%
2016-04-07,9.06%,-0.83%,2.37%,7.65%
2016-04-08,9.80%,-0.55%,2.42%,7.44%
2016-04-11,9.73%,-0.82%,2.06%,5.82%
2016-04-12,9.92%,0.14%,2.87%,5.30%
2016-04-13,11.34%,1.14%,4.46%,8.55%
2016-04-14,11.06%,1.16%,4.43%,8.47%
2016-04-15,10.34%,1.06%,4.27%,9.00%
2016-04-18,12.70%,1.72%,4.73%,11.16%
2016-04-19,11.49%,2.04%,4.31%,10.98%
2016-04-20,12.37%,2.11%,4.48%,11.96%
2016-04-21,11.86%,1.58%,4.43%,14.58%
2016-04-22,12.31%,1.59%,3.59%,15.14%
2016-04-25,11.55%,1.40%,3.37%,14.31%
2016-04-26,12.23%,1.59%,3.21%,14.83%
2016-04-27,13.53%,1.76%,2.68%,15.58%
2016-04-28,14.19%,0.82%,1.46%,15.28%
2016-04-29,12.31%,0.31%,0.83%,14.96%
2016-05-02,11.03%,1.09%,1.72%,16.49%
2016-05-03,8.94%,0.22%,0.57%,13.85%
2016-05-04,8.17%,-0.38%,-0.22%,12.85%
2016-05-05,8.45%,-0.40%,-0.40%,11.80%
2016-05-06,6.80%,-0.09%,0.00%,10.72%
2016-05-09,6.61%,-0.01%,0.30%,11.42%
2016-05-10,7.86%,1.24%,1.56%,12.80%
2016-05-11,6.84%,0.27%,0.52%,12.32%
2016-05-12,5.98%,0.25%,0.03%,11.56%
2016-05-13,5.45%,-0.60%,-0.39%,11.35%
2016-05-16,5.20%,0.38%,0.83%,12.96%
2016-05-17,4.85%,-0.57%,-0.43%,11.35%
2016-05-18,4.98%,-0.55%,0.06%,12.79%
2016-05-19,2.59%,-0.92%,-0.50%,12.09%
2016-05-20,2.66%,-0.32%,0.71%,14.24%
2016-05-23,3.52%,-0.53%,0.63%,14.73%
2016-05-24,5.95%,0.83%,2.64%,17.02%
2016-05-25,5.86%,1.54%,3.35%,16.95%
2016-05-26,4.49%,1.52%,3.50%,17.11%
2016-05-27,4.74%,1.95%,4.17%,18.53%
2016-05-31,4.36%,1.85%,4.48%,19.64%
2016-06-01,5.83%,1.96%,4.56%,21.80%
2016-06-02,6.61%,2.25%,4.97%,22.67%
2016-06-03,5.95%,1.95%,4.36%,22.61%
2016-06-06,6.25%,2.45%,4.91%,23.62%
2016-06-07,5.37%,2.59%,4.77%,24.40%
2016-06-08,5.31%,2.92%,5.04%,25.31%
2016-06-09,4.21%,2.75%,4.70%,24.05%
2016-06-10,2.70%,1.81%,3.35%,21.58%
2016-06-13,1.87%,0.98%,2.37%,21.24%
2016-06-14,2.76%,0.80%,2.27%,21.89%
2016-06-15,2.39%,0.61%,2.09%,22.21%
2016-06-16,2.64%,0.93%,2.30%,21.71%
2016-06-17,2.64%,0.60%,1.36%,20.44%
2016-06-20,2.98%,1.18%,2.14%,22.69%
2016-06-21,2.16%,1.46%,2.27%,22.94%
2016-06-22,1.35%,1.29%,2.05%,21.14%
2016-06-23,3.46%,2.64%,3.67%,24.44%
2016-06-24,-1.11%,-1.04%,-0.59%,18.45%
2016-06-27,-4.25%,-2.83%,-2.99%,12.72%
2016-06-28,-1.26%,-1.11%,-0.93%,15.42%
2016-06-29,1.34%,0.58%,0.91%,19.00%
2016-06-30,2.75%,1.94%,2.25%,20.57%
2016-07-01,2.54%,2.14%,2.67%,21.06%
2016-07-05,1.59%,1.44%,1.83%,19.62%
2016-07-06,1.27%,1.98%,2.60%,20.42%
2016-07-07,2.20%,1.89%,2.97%,22.18%
2016-07-08,4.85%,3.45%,4.66%,25.35%
2016-07-11,6.50%,3.80%,5.33%,27.30%
2016-07-12,8.47%,4.53%,6.06%,28.44%
2016-07-13,8.83%,4.54%,5.69%,27.50%
2016-07-14,10.12%,5.09%,6.29%,28.19%
2016-07-15,8.45%,4.99%,6.20%,28.05%
2016-07-18,8.25%,5.25%,6.75%,28.25%
2016-07-19,9.17%,5.09%,6.34%,27.85%
2016-07-20,11.08%,5.54%,7.47%,30.83%
2016-07-21,10.99%,5.16%,7.13%,28.31%
2016-07-22,7.16%,5.64%,7.69%,30.78%
2016-07-25,7.51%,5.32%,7.63%,31.18%
2016-07-26,7.80%,5.36%,7.90%,32.04%
2016-07-27,7.26%,5.23%,8.53%,33.36%
2016-07-28,7.56%,5.40%,8.85%,35.13%
2016-07-29,7.69%,5.57%,9.00%,34.75%
2016-08-01,7.60%,5.44%,9.46%,34.90%
2016-08-02,6.29%,4.77%,8.48%,32.98%
2016-08-03,7.66%,5.09%,8.95%,34.48%
2016-08-04,9.41%,5.12%,9.08%,36.18%
2016-08-05,12.94%,6.02%,10.24%,37.99%
2016-08-08,13.07%,5.93%,10.07%,37.57%
2016-08-09,13.04%,5.97%,10.33%,38.01%
2016-08-10,12.72%,5.66%,9.89%,37.49%
2016-08-11,13.97%,6.16%,10.40%,38.47%
2016-08-12,14.02%,6.08%,10.49%,38.19%
2016-08-15,14.35%,6.37%,11.11%,38.66%
2016-08-16,13.89%,5.79%,10.37%,37.21%
2016-08-17,13.37%,5.99%,10.40%,35.61%
2016-08-18,14.26%,6.22%,10.64%,36.85%
2016-08-19,14.68%,6.07%,10.61%,37.71%
2016-08-22,14.67%,6.01%,10.74%,37.46%
2016-08-23,14.90%,6.22%,11.06%,39.77%
2016-08-24,13.81%,5.66%,10.17%,38.68%
2016-08-25,13.92%,5.52%,10.05%,39.69%
2016-08-26,14.07%,5.35%,10.20%,39.96%
2016-08-29,13.40%,5.90%,10.48%,39.86%
2016-08-30,13.09%,5.69%,10.28%,39.98%
2016-08-31,13.68%,5.44%,10.08%,40.43%
2016-09-01,13.43%,5.44%,10.37%,41.20%
2016-09-02,15.57%,5.88%,10.85%,42.91%
2016-09-06,15.87%,6.20%,11.40%,43.77%
2016-09-07,17.24%,6.18%,11.57%,43.86%
2016-09-08,18.24%,5.94%,11.05%,42.90%
2016-09-09,14.35%,3.35%,8.23%,38.45%
2016-09-12,15.90%,4.86%,10.05%,40.23%
2016-09-13,16.48%,3.31%,8.85%,37.86%
2016-09-14,16.37%,3.25%,9.24%,38.77%
2016-09-15,18.34%,4.29%,10.85%,41.08%
2016-09-16,18.45%,3.90%,10.74%,41.12%
2016-09-19,18.51%,3.90%,10.54%,40.79%
2016-09-20,17.98%,3.93%,10.67%,40.72%
2016-09-21,20.63%,5.06%,11.81%,43.64%
2016-09-22,21.13%,5.74%,12.74%,45.03%
2016-09-23,19.93%,5.14%,12.03%,43.35%
2016-09-26,19.94%,4.24%,11.01%,42.45%
2016-09-27,21.51%,4.91%,12.03%,44.61%
2016-09-28,21.42%,5.46%,12.30%,45.63%
2016-09-29,19.88%,4.48%,11.26%,43.95%
2016-09-30,20.95%,5.31%,12.16%,45.05%
2016-10-03,20.46%,4.97%,11.93%,44.63%
2016-10-04,20.58%,4.45%,11.69%,44.74%
2016-10-05,20.56%,4.90%,12.25%,43.90%
2016-10-06,20.02%,4.95%,12.05%,43.31%
2016-10-07,19.87%,4.61%,11.75%,42.58%
2016-10-10,19.83%,5.09%,12.51%,43.90%
2016-10-11,17.36%,3.78%,10.78%,40.57%
2016-10-12,17.86%,3.90%,10.62%,39.81%
2016-10-13,15.47%,3.58%,10.08%,38.49%
2016-10-14,15.82%,3.60%,10.10%,38.63%
2016-10-17,15.92%,3.28%,9.79%,37.77%
2016-10-18,17.06%,3.92%,10.72%,38.80%
2016-10-19,18.17%,4.15%,10.78%,39.83%
2016-10-20,17.71%,4.00%,10.68%,39.45%
2016-10-21,24.47%,4.00%,11.01%,41.94%
2016-10-24,24.31%,4.49%,12.12%,44.57%
2016-10-25,22.62%,4.09%,11.56%,42.76%
2016-10-26,20.87%,3.91%,10.86%,40.71%
2016-10-27,19.41%,3.60%,10.13%,38.85%
2016-10-28,19.34%,3.28%,9.59%,40.19%
2016-10-31,19.50%,3.27%,9.57%,40.90%
2016-11-01,18.88%,2.57%,8.82%,39.82%
2016-11-02,17.68%,1.90%,7.80%,35.99%
2016-11-03,16.53%,1.45%,6.81%,35.08%
2016-11-04,16.20%,1.28%,6.55%,34.97%
2016-11-07,17.46%,3.53%,9.08%,39.17%
2016-11-08,18.82%,3.92%,9.66%,39.44%
2016-11-09,17.75%,5.07%,10.87%,39.54%
2016-11-10,15.03%,5.27%,9.98%,38.35%
2016-11-11,14.20%,5.13%,10.58%,41.05%
2016-11-14,11.71%,5.11%,10.18%,38.63%
2016-11-15,12.46%,5.90%,11.39%,40.23%
2016-11-16,13.08%,5.73%,11.79%,41.46%
2016-11-17,15.56%,6.23%,12.62%,43.30%
2016-11-18,16.48%,5.97%,12.36%,43.85%
2016-11-21,18.04%,6.76%,13.36%,44.33%
2016-11-22,17.50%,7.00%,13.73%,43.20%
2016-11-23,17.27%,7.08%,13.61%,44.05%
2016-11-25,17.63%,7.50%,14.00%,44.34%
2016-11-28,16.31%,6.94%,13.36%,42.65%
2016-11-29,16.01%,7.08%,13.60%,42.24%
2016-11-30,14.76%,6.80%,12.41%,40.12%
2016-12-01,11.67%,6.42%,10.88%,34.80%
2016-12-02,12.37%,6.46%,10.97%,33.58%
2016-12-05,14.42%,7.08%,12.10%,36.11%
2016-12-06,14.56%,7.45%,12.60%,36.76%
2016-12-07,17.11%,8.86%,13.89%,37.77%
2016-12-08,17.53%,9.10%,14.39%,39.23%
2016-12-09,17.34%,9.74%,14.96%,37.81%
2016-12-12,16.32%,9.62%,14.28%,36.07%
2016-12-13,16.79%,10.34%,15.37%,36.87%
2016-12-14,16.54%,9.44%,14.79%,35.12%
2016-12-15,16.98%,9.87%,15.22%,35.24%
2016-12-16,16.37%,9.67%,14.80%,34.99%
2016-12-19,15.96%,9.89%,15.23%,35.42%
2016-12-20,16.54%,10.29%,15.79%,36.12%
2016-12-21,16.64%,10.02%,15.53%,34.49%
2016-12-22,15.52%,9.81%,15.02%,32.15%
2016-12-23,15.79%,9.95%,15.34%,33.19%
2016-12-27,16.75%,10.20%,15.87%,34.68%
2016-12-28,15.98%,9.28%,14.83%,32.87%
2016-12-29,16.53%,9.25%,14.70%,33.21%
2016-12-30,15.36%,8.74%,13.66%,32.41%
2017-01-03,17.24%,9.66%,14.63%,34.51%
2017-01-04,19.92%,10.29%,15.64%,37.18%
2017-01-05,22.07%,10.20%,15.88%,38.06%
2017-01-06,23.11%,10.59%,16.58%,40.04%
2017-01-09,23.37%,10.20%,16.80%,41.50%
2017-01-10,23.26%,10.20%,17.22%,42.13%
2017-01-11,23.56%,10.51%,17.47%,44.56%
2017-01-12,23.54%,10.27%,17.13%,43.62%
2017-01-13,23.98%,10.48%,17.70%,45.45%
2017-01-17,23.94%,10.15%,16.95%,43.24%
2017-01-18,24.14%,10.34%,17.31%,44.60%
2017-01-19,24.20%,9.95%,16.98%,44.93%
2017-01-20,25.07%,10.32%,17.30%,46.19%
2017-01-23,24.69%,10.02%,17.25%,45.85%
2017-01-24,25.85%,10.74%,18.26%,47.31%
2017-01-25,26.27%,11.63%,19.43%,49.59%
2017-01-26,25.40%,11.55%,19.41%,47.83%
2017-01-27,24.05%,11.45%,19.53%,48.04%
2017-01-30,22.86%,10.78%,18.53%,46.37%
2017-01-31,22.91%,10.68%,18.55%,46.70%
2017-02-01,22.35%,10.72%,19.14%,46.24%
2017-02-02,23.15%,10.78%,19.01%,46.57%
2017-02-03,23.53%,11.58%,19.65%,49.09%
2017-02-06,23.97%,11.35%,19.58%,48.48%
2017-02-07,24.59%,11.37%,19.81%,49.03%
2017-02-08,25.89%,11.45%,19.98%,48.51%
2017-02-09,27.80%,12.09%,20.67%,52.45%
2017-02-10,27.99%,12.49%,21.07%,53.30%
2017-02-13,28.83%,13.08%,21.70%,53.15%
2017-02-14,29.35%,13.54%,22.10%,52.84%
2017-02-15,31.85%,14.10%,22.88%,55.96%
2017-02-16,32.09%,14.00%,22.78%,55.58%
2017-02-17,32.77%,14.19%,23.28%,57.20%
2017-02-21,34.12%,14.89%,23.86%,58.58%
2017-02-22,34.92%,14.76%,23.75%,58.39%
2017-02-23,37.23%,14.81%,23.21%,57.77%
2017-02-24,38.68%,14.98%,23.42%,58.33%
2017-02-27,38.46%,15.10%,23.77%,58.70%
2017-02-28,36.62%,14.80%,23.00%,55.97%
2017-03-01,36.77%,16.37%,24.66%,59.03%
2017-03-02,36.54%,15.69%,23.76%,57.19%
2017-03-03,37.53%,15.75%,23.96%,57.59%
2017-03-06,36.57%,15.37%,23.50%,57.13%
2017-03-07,36.74%,15.03%,23.18%,57.16%
2017-03-08,36.64%,14.77%,23.26%,57.24%
2017-03-09,37.68%,14.86%,23.28%,57.71%
2017-03-10,38.47%,15.24%,23.77%,58.59%
2017-03-13,38.48%,15.28%,24.06%,60.48%
2017-03-14,37.43%,14.89%,23.66%,58.73%
2017-03-15,38.99%,15.85%,24.58%,60.42%
2017-03-16,39.19%,15.66%,24.59%,61.60%
2017-03-17,40.92%,15.51%,24.60%,62.18%
2017-03-20,42.08%,15.28%,24.61%,62.50%
2017-03-21,38.53%,13.85%,22.33%,57.94%
2017-03-22,39.24%,14.06%,22.92%,57.84%
2017-03-23,39.71%,13.94%,22.84%,57.77%
2017-03-24,40.47%,13.85%,23.07%,58.77%
2017-03-27,41.98%,13.73%,23.32%,60.19%
2017-03-28,42.99%,14.55%,24.05%,60.96%
2017-03-29,43.45%,14.68%,24.52%,61.48%
2017-03-30,41.74%,15.02%,24.88%,60.50%
2017-03-31,40.68%,14.76%,24.82%,61.46%
2017-04-03,41.21%,14.57%,24.46%,61.92%
2017-04-04,40.37%,14.63%,24.55%,61.07%
2017-04-05,39.86%,14.28%,23.83%,61.29%
2017-04-06,40.88%,14.50%,24.13%,62.64%
2017-04-07,40.90%,14.41%,24.11%,63.07%
2017-04-10,41.50%,14.49%,24.17%,62.89%
2017-04-11,41.05%,14.32%,23.87%,63.66%
2017-04-12,40.99%,13.89%,23.23%,64.01%
2017-04-13,40.94%,13.12%,22.57%,63.89%
2017-04-17,43.04%,14.09%,23.66%,65.50%
2017-04-18,42.67%,13.76%,23.51%,65.73%
2017-04-19,43.88%,13.56%,23.80%,67.29%
2017-04-20,47.44%,14.42%,24.93%,68.44%
2017-04-21,47.37%,14.07%,24.80%,68.61%
2017-04-24,48.44%,15.31%,26.35%,70.33%
2017-04-25,50.36%,16.01%,27.23%,72.50%
2017-04-26,48.47%,15.96%,27.22%,71.89%
2017-04-27,51.48%,16.02%,27.72%,73.94%
2017-04-28,53.25%,15.80%,27.69%,74.09%
2017-05-01,54.94%,16.00%,28.62%,76.37%
2017-05-02,59.54%,16.14%,28.70%,76.88%
2017-05-03,58.17%,15.99%,28.22%,75.54%
2017-05-04,59.91%,16.06%,28.28%,77.84%
2017-05-05,66.49%,16.53%,28.82%,78.48%
2017-05-08,66.62%,16.54%,28.86%,76.97%
2017-05-09,69.05%,16.42%,29.23%,77.24%
2017-05-10,72.20%,16.55%,29.41%,79.22%
2017-05-11,71.20%,16.30%,29.14%,79.28%
2017-05-12,72.86%,16.13%,29.25%,80.52%
2017-05-15,75.04%,16.68%,29.85%,82.94%
2017-05-16,76.33%,16.60%,30.27%,83.51%
2017-05-17,68.83%,14.48%,26.93%,76.46%
2017-05-18,69.31%,14.90%,27.85%,78.19%
2017-05-19,68.52%,15.68%,28.46%,80.05%
2017-05-22,71.06%,16.28%,29.51%,82.96%
2017-05-23,73.40%,16.49%,29.62%,82.79%
2017-05-24,75.78%,16.78%,30.13%,84.36%
2017-05-25,76.73%,17.30%,31.02%,85.69%
2017-05-26,76.69%,17.34%,31.13%,87.22%
2017-05-30,76.16%,17.19%,30.98%,85.96%
2017-05-31,77.98%,17.14%,30.88%,85.83%
2017-06-01,80.76%,18.03%,31.90%,89.39%
2017-06-02,83.47%,18.46%,33.14%,92.19%
2017-06-05,83.87%,18.32%,32.93%,91.50%
2017-06-06,85.23%,17.99%,32.50%,91.64%
2017-06-07,85.52%,18.18%,32.97%,91.21%
2017-06-08,88.22%,18.21%,33.48%,93.21%
2017-06-09,79.20%,18.11%,31.08%,83.79%
2017-06-12,76.86%,17.99%,30.39%,81.98%
2017-06-13,75.84%,18.53%,31.34%,83.51%
2017-06-14,74.15%,18.41%,30.80%,82.49%
2017-06-15,75.24%,18.14%,30.18%,82.94%
2017-06-16,74.87%,18.18%,29.89%,84.49%
2017-06-19,80.00%,19.16%,31.73%,88.60%
2017-06-20,77.90%,18.37%,30.66%,85.80%
2017-06-21,81.14%,18.30%,31.63%,88.00%
2017-06-22,81.70%,18.24%,31.69%,89.94%
2017-06-23,83.67%,18.43%,32.29%,93.08%
2017-06-26,80.55%,18.46%,31.91%,90.23%
2017-06-27,74.71%,17.51%,29.78%,85.95%
2017-06-28,80.16%,18.54%,31.64%,89.47%
2017-06-29,75.14%,17.52%,29.74%,84.56%
2017-06-30,75.55%,17.70%,29.65%,85.18%
2017-07-03,73.20%,17.98%,29.01%,82.40%
2017-07-05,77.59%,18.15%,29.87%,84.56%
2017-07-06,74.64%,17.04%,28.58%,82.23%
2017-07-07,77.67%,17.79%,29.92%,86.16%
2017-07-10,80.76%,17.90%,30.41%,86.44%
2017-07-11,83.34%,17.81%,30.77%,88.63%
2017-07-12,89.48%,18.67%,32.20%,92.68%
2017-07-13,89.74%,18.89%,32.48%,91.24%
2017-07-14,89.30%,19.45%,33.29%,92.17%
2017-07-17,88.88%,19.44%,33.33%,92.02%
2017-07-18,92.82%,19.51%,33.96%,93.04%
2017-07-19,91.28%,20.15%,34.82%,94.73%
2017-07-20,91.86%,20.13%,34.92%,94.12%
2017-07-21,91.15%,20.09%,34.88%,93.00%
2017-07-24,93.03%,19.96%,35.36%,95.62%
2017-07-25,92.04%,20.31%,35.39%,96.32%
2017-07-26,94.87%,20.35%,35.61%,97.40%
2017-07-27,92.90%,20.23%,34.76%,93.66%
2017-07-28,93.49%,20.07%,34.60%,92.62%
2017-07-31,92.62%,19.98%,34.04%,90.93%
2017-08-01,99.99%,20.28%,34.35%,93.23%
2017-08-02,95.98%,20.33%,34.35%,87.98%
2017-08-03,93.38%,20.07%,33.87%,89.17%
2017-08-04,90.21%,20.30%,34.11%,88.38%
2017-08-07,92.21%,20.50%,34.79%,89.40%
2017-08-08,91.64%,20.21%,34.51%,88.87%
2017-08-09,90.91%,20.16%,34.13%,88.44%
2017-08-10,82.63%,18.42%,31.27%,81.50%
2017-08-11,84.96%,18.57%,32.11%,84.80%
2017-08-14,87.97%,19.76%,33.87%,88.92%
2017-08-15,87.83%,19.71%,33.72%,88.20%
2017-08-16,90.01%,19.88%,33.97%,90.09%
2017-08-17,86.77%,18.02%,31.37%,86.27%
2017-08-18,88.13%,17.81%,31.26%,87.10%
2017-08-21,88.92%,17.95%,31.19%,87.43%
2017-08-22,93.57%,19.12%,32.97%,90.77%
2017-08-23,94.59%,18.71%,32.57%,90.47%
2017-08-24,97.11%,18.46%,32.42%,91.06%
2017-08-25,94.85%,18.66%,32.30%,88.23%
2017-08-28,95.23%,18.72%,32.66%,89.18%
2017-08-29,96.17%,18.82%,33.06%,89.79%
2017-08-30,100.71%,19.36%,34.46%,92.93%
2017-08-31,103.31%,20.05%,35.74%,95.26%
2017-09-01,102.25%,20.29%,35.88%,94.79%
2017-09-05,102.09%,19.38%,34.62%,94.26%
2017-09-06,102.27%,19.75%,34.99%,93.34%
2017-09-07,105.49%,19.73%,35.09%,95.20%
2017-09-08,104.96%,19.55%,34.29%,95.02%
2017-09-11,112.84%,20.85%,35.81%,98.92%
2017-09-12,114.28%,21.25%,36.28%,98.19%
2017-09-13,113.33%,21.34%,36.40%,97.45%
2017-09-14,115.46%,21.21%,35.75%,98.42%
2017-09-15,115.09%,21.44%,36.16%,97.58%
2017-09-18,117.74%,21.61%,36.29%,99.37%
2017-09-19,118.95%,21.75%,36.43%,99.47%
2017-09-20,117.69%,21.82%,36.32%,97.49%
2017-09-21,117.26%,21.45%,35.61%,97.58%
2017-09-22,118.24%,21.53%,35.70%,98.62%
2017-09-25,110.38%,21.26%,34.51%,94.29%
2017-09-26,109.34%,21.27%,34.71%,93.40%
2017-09-27,112.91%,21.77%,36.26%,99.26%
2017-09-28,113.51%,21.91%,36.26%,99.11%
2017-09-29,113.97%,22.36%,37.16%,101.08%
2017-10-02,116.80%,22.84%,37.60%,103.15%
2017-10-03,116.62%,23.10%,37.91%,104.77%
2017-10-04,109.65%,23.26%,37.98%,104.11%
2017-10-05,112.33%,23.95%,39.05%,105.54%
2017-10-06,111.62%,23.82%,39.15%,107.56%
2017-10-09,112.28%,23.60%,38.93%,106.85%
2017-10-10,110.90%,23.88%,39.09%,106.01%
2017-10-11,115.36%,24.11%,39.43%,107.03%
2017-10-12,116.21%,23.90%,39.18%,108.04%
2017-10-13,115.93%,24.01%,39.48%,108.47%
2017-10-16,115.44%,24.22%,39.86%,107.17%
2017-10-17,113.21%,24.31%,39.86%,107.10%
2017-10-18,115.39%,24.40%,39.87%,108.58%
2017-10-19,113.86%,24.44%,39.46%,108.80%
2017-10-20,121.20%,25.08%,39.97%,113.61%
2017-10-23,119.53%,24.58%,39.08%,111.29%
2017-10-24,122.04%,24.78%,39.32%,112.68%
2017-10-25,121.83%,24.20%,38.59%,111.12%
2017-10-26,125.31%,24.36%,38.44%,111.67%
2017-10-27,128.81%,25.36%,41.49%,113.81%
2017-10-30,128.59%,24.96%,41.45%,113.63%
2017-10-31,129.45%,25.08%,42.05%,118.04%
2017-11-01,126.36%,25.28%,41.82%,115.61%
2017-11-02,126.79%,25.30%,41.78%,116.96%
2017-11-03,131.20%,25.69%,42.83%,118.67%
2017-11-06,134.04%,25.85%,43.29%,118.42%
2017-11-07,132.28%,25.83%,42.90%,115.55%
2017-11-08,133.26%,26.01%,43.35%,117.05%
2017-11-09,134.16%,25.53%,42.52%,114.33%
2017-11-10,137.75%,25.42%,42.54%,115.67%
2017-11-13,138.43%,25.54%,42.68%,115.46%
2017-11-14,138.39%,25.25%,42.27%,115.34%
2017-11-15,138.59%,24.56%,41.60%,113.70%
2017-11-16,149.00%,25.58%,43.44%,119.00%
2017-11-17,152.96%,25.25%,43.22%,119.20%
2017-11-20,156.20%,25.41%,43.38%,120.53%
2017-11-21,165.78%,26.23%,44.90%,123.19%
2017-11-22,167.40%,26.14%,45.00%,123.47%
2017-11-24,169.44%,26.40%,45.46%,125.84%
2017-11-27,151.61%,26.35%,45.24%,122.87%
2017-11-28,154.04%,27.59%,45.95%,124.21%
2017-11-29,137.50%,27.55%,44.09%,115.14%
2017-11-30,141.26%,28.59%,45.14%,116.52%
2017-12-01,138.28%,28.33%,44.58%,114.72%
2017-12-04,127.22%,28.20%,43.06%,106.25%
2017-12-05,128.34%,27.72%,42.78%,106.13%
2017-12-06,131.21%,27.70%,43.08%,107.18%
2017-12-07,135.57%,28.08%,43.85%,111.71%
2017-12-08,134.03%,28.78%,44.43%,111.23%
2017-12-11,137.04%,29.19%,45.16%,112.57%
2017-12-12,136.25%,29.39%,44.90%,110.24%
2017-12-13,135.73%,29.33%,45.18%,112.02%
2017-12-14,137.36%,28.81%,44.77%,112.58%
2017-12-15,139.86%,29.96%,46.46%,116.07%
2017-12-18,142.55%,30.66%,47.69%,117.97%
2017-12-19,139.49%,30.24%,47.04%,115.74%
2017-12-20,135.23%,30.13%,46.98%,114.35%
2017-12-21,135.79%,30.39%,47.07%,113.93%
2017-12-22,133.67%,30.33%,46.96%,112.65%
2017-12-26,134.63%,30.19%,46.46%,113.44%
2017-12-27,136.13%,30.29%,46.52%,113.82%
2017-12-28,133.40%,30.53%,46.75%,113.71%
2017-12-29,131.33%,29.86%,45.76%,111.90%
2018-01-02,136.59%,30.93%,47.95%,114.74%
2018-01-03,143.87%,31.77%,49.19%,117.44%
2018-01-04,145.92%,32.30%,49.45%,120.37%
2018-01-05,154.90%,33.23%,50.69%,121.44%
2018-01-08,156.15%,33.46%,51.13%,122.58%
2018-01-09,155.54%,33.63%,51.26%,122.43%
2018-01-10,155.80%,33.48%,51.05%,121.72%
2018-01-11,159.43%,34.42%,52.27%,125.91%
2018-01-12,159.11%,35.33%,53.31%,127.96%
2018-01-16,154.81%,34.85%,52.53%,124.64%
2018-01-17,160.11%,36.12%,54.10%,127.32%
2018-01-18,161.19%,35.90%,54.05%,128.44%
2018-01-19,167.22%,36.50%,54.91%,131.29%
2018-01-22,174.94%,37.60%,56.42%,133.14%
2018-01-23,174.73%,37.90%,57.52%,135.11%
2018-01-24,173.15%,37.82%,56.57%,133.37%
2018-01-25,178.10%,37.90%,56.48%,134.21%
2018-01-26,184.69%,39.53%,58.48%,139.28%
2018-01-29,182.15%,38.59%,57.65%,136.47%
2018-01-30,180.09%,37.08%,56.30%,135.24%
2018-01-31,186.41%,37.15%,56.49%,137.02%
2018-02-01,172.54%,37.06%,55.95%,135.52%
2018-02-02,167.08%,34.16%,52.89%,131.66%
2018-02-05,154.92%,28.66%,47.12%,124.80%
2018-02-06,158.56%,30.90%,50.25%,127.89%
2018-02-07,158.70%,30.25%,48.90%,129.39%
2018-02-08,148.49%,25.36%,43.10%,121.03%
2018-02-09,151.02%,27.23%,45.15%,124.43%
2018-02-12,157.56%,29.00%,47.42%,128.18%
2018-02-13,162.09%,29.34%,48.09%,132.96%
2018-02-14,170.45%,31.07%,50.83%,140.95%
2018-02-15,176.80%,32.65%,53.22%,146.99%
2018-02-16,175.59%,32.70%,52.86%,148.23%
2018-02-20,179.00%,31.93%,52.75%,150.69%
2018-02-21,171.65%,31.20%,52.41%,150.50%
2018-02-22,175.38%,31.33%,52.24%,150.85%
2018-02-23,180.26%,33.44%,54.93%,154.91%
2018-02-26,183.57%,35.00%,56.70%,157.83%
2018-02-27,181.45%,33.29%,54.78%,156.24%
2018-02-28,182.96%,31.81%,53.57%,156.47%
2018-03-01,181.28%,30.05%,51.61%,154.40%
2018-03-02,181.85%,30.71%,53.25%,161.89%
2018-03-05,192.62%,32.16%,54.79%,165.43%
2018-03-06,193.85%,32.50%,55.66%,167.15%
2018-03-07,197.47%,32.44%,56.18%,171.13%
2018-03-08,202.16%,33.03%,56.84%,173.70%
2018-03-09,205.79%,35.34%,59.64%,174.39%
2018-03-12,206.59%,35.17%,60.22%,175.32%
2018-03-13,201.42%,34.31%,58.59%,171.51%
2018-03-14,211.03%,33.54%,58.29%,174.81%
2018-03-15,210.06%,33.44%,57.97%,173.72%
2018-03-16,209.04%,33.66%,57.98%,174.28%
2018-03-19,204.90%,31.77%,55.07%,169.85%
2018-03-20,216.83%,31.96%,55.49%,175.15%
2018-03-21,213.37%,31.72%,55.09%,176.02%
2018-03-22,203.68%,28.40%,51.32%,170.50%
2018-03-23,191.04%,25.71%,47.65%,163.18%
2018-03-26,196.40%,29.12%,52.46%,172.04%
2018-03-27,184.07%,26.89%,47.99%,160.91%
2018-03-28,170.00%,26.52%,46.73%,154.89%
2018-03-29,177.40%,28.27%,49.14%,160.64%
2018-04-02,171.07%,25.40%,45.06%,154.95%
2018-04-03,169.02%,26.98%,46.56%,157.05%
2018-04-04,171.18%,28.45%,48.69%,161.03%
2018-04-05,173.75%,29.33%,49.42%,161.75%
2018-04-06,163.83%,26.50%,46.01%,157.04%
2018-04-09,165.89%,26.92%,46.75%,158.13%
2018-04-10,174.12%,29.04%,49.79%,163.27%
2018-04-11,170.88%,28.33%,49.26%,164.51%
2018-04-12,176.74%,29.39%,50.76%,168.03%
2018-04-13,170.32%,29.02%,50.05%,164.69%
2018-04-16,169.29%,30.06%,51.10%,167.38%
2018-04-17,181.13%,31.45%,53.74%,175.56%
2018-04-18,187.82%,31.56%,54.04%,177.95%
2018-04-19,184.11%,30.80%,52.83%,176.68%
2018-04-20,184.91%,29.69%,50.89%,172.98%
2018-04-23,180.45%,29.69%,50.52%,171.97%
2018-04-24,157.80%,27.96%,47.96%,166.00%
2018-04-25,153.27%,28.19%,47.88%,163.66%
2018-04-26,161.79%,29.53%,50.31%,169.78%
2018-04-27,162.62%,29.68%,50.33%,167.62%
2018-04-30,165.52%,28.61%,49.20%,168.92%
2018-05-01,164.83%,28.94%,50.56%,170.40%
2018-05-02,161.73%,28.01%,49.93%,172.99%
2018-05-03,169.45%,27.73%,49.66%,177.27%
2018-05-04,170.14%,29.36%,52.23%,182.11%
2018-05-07,177.04%,29.81%,53.40%,186.20%
2018-05-08,184.87%,29.77%,53.44%,190.59%
2018-05-09,189.25%,31.03%,54.98%,195.25%
2018-05-10,192.65%,32.26%,56.35%,198.87%
2018-05-11,191.34%,32.48%,56.31%,197.22%
2018-05-14,188.65%,32.60%,56.49%,191.15%
2018-05-15,188.27%,31.69%,55.23%,190.98%
2018-05-16,193.52%,32.23%,56.21%,193.76%
2018-05-17,191.85%,32.12%,55.88%,194.52%
2018-05-18,194.15%,31.77%,55.28%,198.39%
2018-05-21,196.76%,32.74%,56.12%,196.52%
2018-05-22,189.15%,32.33%,55.79%,191.16%
2018-05-23,191.74%,32.75%,56.80%,194.01%
2018-05-24,194.71%,32.49%,56.76%,195.48%
2018-05-25,194.93%,32.17%,56.96%,196.74%
2018-05-29,197.10%,30.65%,56.18%,198.54%
2018-05-30,201.60%,32.30%,57.57%,202.16%
2018-05-31,203.47%,31.39%,57.14%,202.63%
2018-06-01,208.84%,32.82%,59.51%,207.63%
2018-06-04,217.98%,33.41%,60.61%,211.41%
2018-06-05,221.70%,33.51%,61.27%,214.22%
2018-06-06,227.33%,34.65%,62.36%,216.58%
2018-06-07,218.16%,34.56%,61.21%,206.50%
2018-06-08,222.60%,34.98%,61.43%,209.86%
2018-06-11,219.91%,35.12%,61.74%,211.79%
2018-06-12,228.77%,35.36%,62.66%,219.34%
2018-06-13,226.56%,34.81%,62.49%,220.47%
2018-06-14,231.89%,35.14%,63.87%,224.69%
2018-06-15,233.53%,35.01%,63.56%,225.26%
2018-06-18,240.65%,34.72%,63.58%,229.57%
2018-06-19,238.92%,34.18%,63.12%,226.29%
2018-06-20,244.96%,34.41%,64.30%,228.88%
2018-06-21,239.57%,33.55%,62.86%,222.24%
2018-06-22,233.94%,33.80%,62.43%,214.02%
2018-06-25,216.54%,31.97%,59.04%,202.84%
2018-06-26,219.61%,32.26%,59.66%,205.53%
2018-06-27,206.71%,31.12%,57.20%,195.62%
2018-06-28,213.14%,31.93%,58.44%,202.83%
2018-06-29,213.98%,32.03%,58.58%,203.78%
2018-07-02,220.34%,32.44%,59.79%,208.75%
2018-07-03,216.72%,31.78%,58.42%,207.69%
2018-07-05,225.34%,32.92%,60.18%,211.52%
2018-07-06,234.82%,34.04%,62.34%,217.10%
2018-07-09,235.93%,35.23%,63.77%,218.23%
2018-07-10,231.58%,35.70%,63.83%,215.42%
2018-07-11,234.01%,34.73%,62.93%,216.31%
2018-07-12,245.73%,35.91%,65.20%,225.55%
2018-07-13,243.42%,36.06%,65.24%,224.31%
2018-07-16,243.51%,35.92%,64.81%,223.80%
2018-07-17,250.56%,36.46%,65.86%,228.99%
2018-07-18,251.42%,36.75%,65.84%,229.53%
2018-07-19,257.49%,36.21%,65.23%,228.63%
2018-07-20,257.50%,36.08%,65.12%,228.12%
2018-07-23,261.98%,36.33%,65.58%,231.04%
2018-07-24,254.66%,36.99%,65.56%,222.32%
2018-07-25,265.95%,38.23%,67.49%,231.43%
2018-07-26,260.96%,37.81%,65.80%,230.82%
2018-07-27,247.57%,36.91%,63.37%,216.65%
2018-07-30,227.36%,36.12%,61.10%,202.54%
2018-07-31,220.78%,36.79%,61.99%,201.81%
2018-08-01,227.82%,36.64%,62.74%,208.78%
2018-08-02,248.88%,37.32%,64.75%,218.69%
2018-08-03,235.28%,37.95%,64.95%,214.35%
2018-08-06,243.31%,38.44%,65.95%,220.71%
2018-08-07,244.27%,38.83%,66.46%,226.33%
2018-08-08,244.01%,38.80%,66.56%,225.21%
2018-08-09,243.72%,38.60%,66.63%,229.26%
2018-08-10,247.93%,37.61%,65.52%,229.64%
2018-08-13,249.88%,37.06%,65.11%,226.49%
2018-08-14,259.01%,37.94%,66.19%,231.70%
2018-08-15,246.69%,36.89%,64.15%,226.39%
2018-08-16,248.14%,37.97%,64.83%,229.10%
2018-08-17,247.49%,38.43%,65.04%,229.26%
2018-08-20,251.41%,38.77%,65.14%,230.54%
2018-08-21,254.47%,39.05%,65.94%,234.18%
2018-08-22,260.98%,39.00%,66.58%,238.64%
2018-08-23,263.59%,38.76%,66.35%,242.29%
2018-08-24,270.46%,39.62%,67.78%,251.87%
2018-08-27,272.04%,40.69%,69.30%,254.14%
2018-08-28,280.89%,40.73%,69.55%,255.31%
2018-08-29,297.83%,41.53%,71.23%,258.80%
2018-08-30,303.47%,40.91%,70.78%,256.60%
2018-08-31,305.89%,40.93%,71.23%,256.52%
2018-09-04,315.58%,40.69%,70.84%,261.10%
2018-09-05,297.20%,40.30%,68.82%,249.78%
2018-09-06,300.05%,39.79%,67.29%,250.04%
2018-09-07,307.24%,39.48%,66.86%,257.03%
2018-09-10,306.01%,39.74%,67.32%,259.50%
2018-09-11,318.82%,40.26%,68.34%,262.35%
2018-09-12,314.72%,40.31%,67.95%,262.36%
2018-09-13,286.59%,41.05%,69.21%,263.41%
2018-09-14,289.09%,41.09%,69.13%,264.22%
2018-09-17,271.34%,40.31%,66.72%,252.05%
2018-09-18,277.27%,41.06%,67.99%,256.31%
2018-09-19,267.01%,41.24%,67.86%,249.11%
2018-09-20,274.43%,42.35%,69.51%,252.73%
2018-09-21,269.00%,42.29%,68.64%,247.99%
2018-09-24,270.85%,41.79%,68.77%,249.64%
2018-09-25,299.90%,41.61%,69.07%,256.51%
2018-09-26,298.41%,41.14%,68.71%,251.92%
2018-09-27,309.20%,41.53%,69.80%,252.95%
2018-09-28,312.05%,41.53%,69.90%,253.60%
2018-10-01,304.75%,42.05%,69.70%,245.87%
2018-10-02,304.44%,41.99%,68.91%,236.23%
2018-10-03,303.03%,42.09%,69.45%,239.52%
2018-10-04,289.77%,40.93%,66.37%,228.52%
2018-10-05,287.92%,40.15%,64.45%,226.04%
2018-10-08,258.43%,40.10%,63.34%,212.84%
2018-10-09,258.46%,39.90%,63.39%,209.56%
2018-10-10,224.98%,35.30%,56.71%,193.26%
2018-10-11,198.59%,32.52%,54.75%,189.92%
2018-10-12,216.91%,34.40%,58.29%,202.85%
2018-10-15,215.24%,33.60%,56.90%,200.89%
2018-10-16,235.47%,36.48%,61.43%,217.05%
2018-10-17,229.66%,36.44%,61.37%,215.42%
2018-10-18,217.62%,34.48%,58.05%,207.21%
2018-10-19,217.47%,34.43%,57.28%,196.63%
2018-10-22,225.07%,33.85%,57.70%,202.74%
2018-10-23,222.68%,33.11%,57.04%,200.95%
2018-10-24,202.14%,29.01%,50.09%,185.24%
2018-10-25,221.40%,31.41%,54.52%,195.63%
2018-10-26,212.23%,29.13%,51.33%,186.31%
2018-10-29,197.69%,28.28%,48.86%,183.49%
2018-10-30,202.61%,30.29%,51.22%,189.94%
2018-10-31,221.48%,31.71%,54.26%,199.92%
2018-11-01,234.39%,33.10%,56.97%,206.32%
2018-11-02,237.65%,32.26%,55.34%,200.91%
2018-11-05,228.66%,33.00%,54.75%,196.24%
2018-11-06,234.62%,33.83%,55.74%,195.70%
2018-11-07,256.23%,36.67%,59.85%,215.07%
2018-11-08,236.29%,36.33%,59.01%,211.34%
2018-11-09,225.50%,35.07%,56.39%,204.23%
2018-11-12,211.66%,32.41%,52.04%,193.85%
2018-11-13,218.14%,32.22%,52.04%,194.76%
2018-11-14,215.87%,31.21%,50.68%,192.14%
2018-11-15,231.86%,32.60%,53.27%,202.72%
2018-11-16,223.30%,32.90%,53.04%,200.26%
2018-11-19,192.22%,30.69%,48.40%,174.25%
2018-11-20,186.72%,28.32%,45.88%,173.69%
2018-11-21,189.70%,28.71%,47.22%,181.08%
2018-11-23,191.64%,27.86%,46.51%,183.49%
2018-11-26,206.20%,29.85%,49.53%,194.25%
2018-11-27,205.49%,30.27%,49.55%,190.90%
2018-11-28,222.27%,33.26%,53.96%,206.63%
2018-11-29,220.77%,32.97%,53.57%,209.20%
2018-11-30,223.94%,34.06%,54.78%,213.53%
2018-12-03,233.73%,35.53%,57.12%,218.15%
2018-12-04,205.48%,31.14%,51.15%,203.83%
2018-12-06,215.30%,30.94%,51.78%,211.10%
2018-12-07,195.30%,27.89%,47.15%,198.28%
2018-12-10,206.39%,28.11%,48.24%,203.87%
2018-12-11,204.07%,28.07%,48.47%,204.48%
2018-12-12,212.76%,28.76%,49.88%,210.82%
2018-12-13,210.84%,28.74%,49.29%,209.17%
2018-12-14,198.27%,26.28%,45.92%,202.10%
2018-12-17,183.11%,23.66%,42.60%,187.07%
2018-12-18,189.76%,23.67%,43.24%,191.34%
2018-12-19,185.43%,21.76%,40.13%,190.96%
2018-12-20,174.22%,19.84%,37.85%,182.26%
2018-12-21,158.72%,17.37%,33.72%,169.22%
2018-12-24,151.41%,14.19%,30.76%,169.75%
2018-12-26,173.87%,19.86%,38.39%,189.38%
2018-12-27,177.99%,20.88%,38.92%,194.40%
2018-12-28,175.01%,20.73%,39.03%,193.77%
2018-12-31,178.38%,21.76%,40.10%,197.51%
2019-01-02,182.21%,21.91%,40.75%,195.96%
2019-01-03,164.34%,18.89%,36.47%,184.79%
2019-01-04,185.16%,22.98%,42.29%,198.89%
2019-01-07,194.00%,23.84%,44.08%,209.76%
2019-01-08,201.12%,25.04%,45.63%,214.73%
2019-01-09,210.56%,25.55%,46.90%,216.84%
2019-01-10,212.39%,26.12%,47.51%,218.05%
2019-01-11,213.32%,26.10%,47.20%,217.64%
2019-01-14,210.36%,25.44%,45.82%,213.03%
2019-01-15,215.85%,26.78%,48.31%,220.80%
2019-01-16,215.35%,27.06%,48.53%,220.70%
2019-01-17,221.79%,28.03%,49.59%,225.49%
2019-01-18,230.94%,29.72%,51.12%,232.18%
2019-01-22,216.55%,27.88%,48.23%,226.22%
2019-01-23,220.22%,28.16%,48.35%,226.84%
2019-01-24,235.16%,28.34%,49.35%,229.28%
2019-01-25,243.03%,29.43%,51.28%,237.32%
2019-01-28,236.66%,28.41%,49.61%,234.74%
2019-01-29,214.55%,28.22%,48.40%,229.00%
2019-01-30,225.80%,30.22%,51.67%,237.11%
2019-01-31,224.99%,31.34%,53.75%,248.31%
2019-02-01,225.62%,31.46%,53.37%,253.76%
2019-02-04,230.08%,32.35%,55.14%,261.39%
2019-02-05,231.78%,32.97%,56.29%,264.22%
2019-02-06,232.72%,32.67%,55.73%,265.03%
2019-02-07,229.32%,31.43%,53.89%,261.34%
2019-02-08,235.42%,31.52%,54.10%,267.45%
2019-02-11,236.88%,31.61%,54.30%,267.17%
2019-02-12,243.16%,33.31%,56.56%,275.95%
2019-02-13,241.19%,33.71%,56.68%,273.72%
2019-02-14,243.48%,33.36%,56.82%,276.51%
2019-02-15,244.30%,34.81%,57.78%,277.54%
2019-02-19,247.83%,35.01%,58.08%,279.01%
2019-02-20,244.85%,35.25%,58.13%,277.27%
2019-02-21,240.72%,34.77%,57.51%,275.53%
2019-02-22,247.07%,35.64%,58.94%,280.65%
2019-02-25,251.31%,35.81%,59.51%,284.01%
2019-02-26,251.54%,35.70%,59.40%,283.07%
2019-02-27,261.64%,35.62%,59.51%,288.01%
2019-02-28,267.58%,35.24%,59.05%,284.67%
2019-03-01,259.40%,36.17%,60.37%,289.24%
2019-03-04,249.46%,35.65%,60.00%,278.50%
2019-03-05,253.18%,35.49%,59.97%,276.50%
2019-03-06,250.87%,34.61%,58.48%,272.41%
2019-03-07,247.84%,33.51%,56.70%,274.53%
2019-03-08,249.03%,33.23%,56.42%,274.94%
2019-03-11,259.17%,35.18%,59.59%,284.48%
2019-03-12,263.99%,35.58%,60.28%,285.70%
2019-03-13,269.94%,36.53%,61.39%,286.75%
2019-03-14,268.86%,36.41%,61.12%,291.90%
2019-03-15,267.18%,37.09%,62.34%,291.55%
2019-03-18,262.72%,37.59%,62.89%,292.55%
2019-03-19,264.72%,37.58%,63.09%,295.42%
2019-03-20,262.79%,37.17%,63.19%,295.58%
2019-03-21,273.73%,38.66%,65.52%,304.79%
2019-03-22,260.73%,36.03%,61.37%,287.50%
2019-03-25,260.63%,35.92%,61.26%,288.89%
2019-03-26,261.25%,36.89%,62.40%,293.11%
2019-03-27,256.51%,36.26%,61.39%,285.55%
2019-03-28,262.54%,36.74%,61.93%,288.47%
2019-03-29,265.97%,37.67%,63.20%,292.30%
2019-04-01,270.65%,39.26%,65.30%,293.06%
2019-04-02,265.84%,39.26%,65.72%,295.94%
2019-04-03,270.22%,39.56%,66.71%,297.14%
2019-04-04,259.54%,39.85%,66.63%,285.75%
2019-04-05,262.74%,40.50%,67.62%,286.93%
2019-04-08,265.53%,40.65%,67.94%,286.45%
2019-04-09,266.95%,39.79%,67.00%,287.48%
2019-04-10,269.46%,40.28%,68.16%,291.98%
2019-04-11,271.91%,40.28%,67.81%,294.25%
2019-04-12,274.93%,41.21%,68.58%,294.96%
2019-04-15,275.04%,41.12%,68.41%,295.57%
2019-04-16,271.00%,41.19%,68.92%,294.65%
2019-04-17,270.83%,40.87%,68.83%,287.50%
2019-04-18,268.42%,41.10%,68.88%,284.56%
2019-04-22,273.67%,41.24%,69.24%,292.84%
2019-04-23,273.20%,42.49%,71.47%,300.55%
2019-04-24,269.55%,42.18%,71.07%,300.41%
2019-04-25,273.51%,42.12%,71.42%,304.79%
2019-04-26,273.39%,42.79%,72.01%,309.97%
2019-04-29,279.42%,42.94%,72.33%,314.21%
2019-04-30,288.44%,43.08%,70.93%,315.74%
2019-05-01,289.75%,42.00%,69.97%,308.84%
2019-05-02,283.46%,41.70%,69.69%,308.96%
2019-05-03,298.93%,43.07%,72.38%,316.57%
2019-05-06,300.99%,42.43%,71.52%,316.53%
2019-05-07,290.16%,40.08%,68.15%,307.85%
2019-05-08,288.41%,39.85%,67.72%,309.09%
2019-05-09,287.54%,39.43%,67.03%,312.60%
2019-05-10,287.71%,39.95%,67.16%,315.70%
2019-05-13,273.08%,36.57%,61.46%,295.31%
2019-05-14,280.52%,37.67%,63.31%,305.96%
2019-05-15,291.53%,38.47%,65.16%,310.73%
2019-05-16,305.41%,39.70%,66.76%,321.61%
2019-05-17,298.41%,38.89%,65.04%,317.22%
2019-05-20,292.10%,37.95%,62.63%,309.83%
2019-05-21,297.49%,39.12%,64.39%,315.53%
2019-05-22,301.87%,38.73%,63.66%,317.42%
2019-05-23,291.80%,37.08%,61.07%,307.35%
2019-05-24,296.52%,37.26%,61.25%,310.76%
2019-05-28,304.55%,36.11%,60.63%,315.23%
2019-05-29,291.62%,35.17%,59.36%,306.25%
2019-05-30,296.05%,35.45%,59.79%,310.13%
2019-05-31,290.04%,33.67%,57.37%,303.63%
2019-06-03,278.31%,33.30%,54.83%,283.43%
2019-06-04,289.44%,36.15%,58.93%,296.08%
2019-06-05,306.71%,37.27%,59.95%,303.60%
2019-06-06,312.58%,38.11%,60.80%,308.67%
2019-06-07,325.36%,39.56%,63.47%,312.66%
2019-06-10,331.44%,40.21%,65.18%,316.43%
2019-06-11,330.51%,40.16%,65.17%,308.33%
2019-06-12,334.12%,39.87%,64.54%,311.28%
2019-06-13,336.58%,40.45%,65.48%,313.02%
2019-06-14,333.73%,40.22%,64.62%,310.60%
2019-06-17,336.83%,40.35%,65.64%,317.44%
2019-06-18,333.71%,41.71%,67.94%,320.71%
2019-06-19,353.41%,42.14%,68.65%,328.89%
2019-06-20,357.50%,43.48%,70.00%,333.73%
2019-06-21,351.64%,43.30%,69.59%,327.84%
2019-06-24,340.97%,43.05%,69.04%,318.44%
2019-06-25,316.49%,41.70%,66.48%,308.32%
2019-06-26,318.85%,41.52%,67.02%,307.21%
2019-06-27,328.49%,42.06%,68.24%,316.17%
2019-06-28,330.12%,42.88%,69.05%,319.13%
2019-07-01,336.03%,43.98%,70.84%,324.14%
2019-07-02,344.18%,44.40%,71.22%,327.77%
2019-07-03,346.78%,45.51%,72.51%,332.18%
2019-07-05,347.23%,45.24%,72.33%,333.25%
2019-07-08,349.48%,44.54%,70.99%,333.44%
2019-07-09,360.14%,44.72%,71.91%,340.47%
2019-07-10,358.82%,45.37%,73.19%,343.62%
2019-07-11,357.96%,45.70%,73.06%,345.44%
2019-07-12,360.86%,46.38%,74.07%,345.90%
2019-07-15,369.82%,46.40%,74.37%,346.00%
2019-07-16,360.62%,45.91%,73.62%,339.85%
2019-07-17,365.05%,44.95%,72.83%,343.59%
2019-07-18,370.98%,45.47%,73.29%,344.17%
2019-07-19,363.26%,44.57%,72.01%,339.25%
2019-07-22,367.12%,44.98%,73.23%,341.17%
2019-07-23,365.33%,45.97%,74.23%,337.41%
2019-07-24,370.99%,46.66%,75.71%,344.65%
2019-07-25,368.60%,45.89%,73.95%,342.77%
2019-07-26,373.63%,46.96%,75.89%,349.25%
2019-07-29,357.09%,46.73%,75.11%,337.26%
2019-07-30,353.55%,46.35%,74.69%,337.52%
2019-07-31,354.27%,44.76%,72.62%,328.34%
2019-08-01,371.94%,43.45%,71.26%,325.70%
2019-08-02,341.20%,42.41%,69.00%,320.78%
2019-08-05,321.39%,38.17%,63.13%,301.25%
2019-08-06,331.45%,39.97%,65.40%,303.22%
2019-08-07,340.30%,40.07%,66.02%,305.37%
2019-08-08,361.74%,42.70%,69.74%,319.68%
2019-08-09,369.28%,41.76%,68.05%,318.23%
2019-08-12,356.83%,40.01%,66.03%,310.96%
2019-08-13,362.19%,42.13%,69.26%,316.84%
2019-08-14,345.06%,37.97%,64.14%,302.56%
2019-08-15,345.20%,38.31%,63.99%,303.13%
2019-08-16,353.15%,40.30%,66.72%,309.87%
2019-08-19,356.36%,42.00%,68.98%,309.44%
2019-08-20,368.28%,40.88%,67.83%,310.05%
2019-08-21,383.84%,42.04%,69.34%,316.95%
2019-08-22,381.28%,41.97%,68.74%,317.38%
2019-08-23,370.01%,38.28%,63.68%,312.02%
2019-08-26,384.36%,39.80%,65.83%,315.62%
2019-08-27,392.12%,39.35%,65.26%,313.18%
2019-08-28,381.00%,40.27%,65.90%,307.34%
2019-08-29,380.18%,42.05%,68.36%,316.06%
2019-08-30,373.62%,42.14%,68.13%,312.34%
2019-09-03,369.58%,41.16%,66.26%,306.93%
2019-09-04,372.73%,42.69%,68.43%,311.78%
2019-09-05,382.03%,44.54%,71.38%,315.26%
2019-09-06,369.22%,44.67%,71.09%,307.77%
2019-09-09,347.59%,44.66%,70.76%,295.03%
2019-09-10,327.30%,44.71%,70.69%,293.44%
2019-09-11,334.32%,45.75%,72.50%,296.79%
2019-09-12,341.25%,46.17%,73.02%,298.94%
2019-09-13,327.18%,46.07%,72.65%,292.46%
2019-09-16,326.85%,45.61%,72.16%,296.50%
2019-09-17,319.86%,45.99%,72.84%,302.00%
2019-09-18,316.06%,46.04%,72.66%,300.30%
2019-09-19,315.15%,46.04%,72.78%,301.69%
2019-09-20,307.97%,45.32%,71.40%,302.28%
2019-09-23,302.95%,45.31%,71.29%,299.02%
2019-09-24,290.48%,44.09%,68.78%,287.84%
2019-09-25,307.05%,44.97%,70.55%,290.08%
2019-09-26,309.42%,44.62%,69.56%,290.63%
2019-09-27,302.00%,43.85%,67.64%,279.13%
2019-09-30,310.13%,44.58%,68.90%,283.61%
2019-10-01,310.41%,42.81%,66.99%,281.20%
2019-10-02,304.51%,40.25%,64.38%,276.13%
2019-10-03,320.60%,41.37%,66.22%,287.23%
2019-10-04,323.12%,43.38%,68.55%,293.74%
2019-10-07,320.46%,42.74%,67.99%,296.91%
2019-10-08,303.97%,40.51%,65.20%,284.56%
2019-10-09,308.87%,41.79%,66.88%,291.17%
2019-10-10,317.21%,42.70%,67.88%,288.87%
2019-10-11,320.80%,44.26%,70.12%,296.03%
2019-10-14,333.55%,44.06%,69.94%,297.57%
2019-10-15,341.41%,45.50%,72.06%,299.42%
2019-10-16,320.76%,45.21%,71.54%,288.06%
2019-10-17,327.29%,45.61%,72.23%,286.24%
2019-10-18,307.78%,45.04%,70.81%,273.81%
2019-10-21,313.45%,46.04%,72.36%,276.84%
2019-10-22,292.62%,45.51%,71.12%,268.28%
2019-10-23,288.88%,45.93%,71.45%,268.83%
2019-10-24,319.42%,46.21%,72.84%,283.17%
2019-10-25,317.58%,46.80%,74.05%,286.02%
2019-10-28,322.09%,47.62%,75.80%,288.70%
2019-10-29,311.58%,47.50%,74.76%,287.26%
2019-10-30,317.03%,47.98%,75.34%,296.07%
2019-10-31,308.53%,47.53%,75.09%,290.02%
2019-11-01,311.17%,48.96%,77.08%,294.81%
2019-11-04,302.48%,49.51%,78.06%,293.32%
2019-11-05,290.74%,49.33%,78.10%,292.58%
2019-11-06,290.26%,49.44%,77.59%,291.84%
2019-11-07,290.76%,49.85%,78.09%,290.74%
2019-11-08,296.70%,50.23%,78.95%,296.31%
2019-11-11,303.71%,49.93%,78.72%,300.43%
2019-11-12,301.20%,50.17%,79.18%,302.25%
2019-11-13,308.72%,50.28%,79.10%,305.22%
2019-11-14,311.88%,50.40%,79.03%,305.59%
2019-11-15,315.83%,51.56%,80.34%,312.79%
2019-11-18,323.60%,51.64%,80.53%,313.66%
2019-11-19,321.03%,51.55%,80.97%,317.96%
2019-11-20,324.78%,50.98%,80.04%,321.63%
2019-11-21,324.49%,50.74%,79.61%,320.64%
2019-11-22,322.94%,51.07%,79.89%,322.11%
2019-11-25,328.24%,52.20%,82.27%,327.82%
2019-11-26,344.55%,52.53%,82.60%,330.53%
2019-11-27,350.18%,53.17%,83.81%,333.05%
2019-11-29,345.23%,52.56%,82.97%,331.96%
2019-12-02,337.44%,51.24%,80.91%,319.90%
2019-12-03,351.59%,50.24%,79.91%,323.18%
2019-12-04,369.79%,51.19%,80.88%,320.47%
2019-12-05,362.17%,51.41%,80.97%,317.41%
2019-12-06,364.58%,52.80%,82.78%,317.73%
2019-12-09,367.56%,52.31%,82.05%,316.99%
2019-12-10,364.44%,52.15%,81.93%,312.73%
2019-12-11,368.62%,52.59%,82.73%,309.26%
2019-12-12,367.17%,53.90%,84.06%,305.70%
2019-12-13,376.96%,53.91%,84.43%,310.93%
2019-12-16,387.70%,55.01%,86.11%,314.43%
2019-12-17,380.93%,55.06%,86.30%,312.51%
2019-12-18,387.60%,54.99%,86.39%,315.35%
2019-12-19,383.86%,55.68%,87.65%,318.35%
2019-12-20,380.23%,56.45%,88.45%,320.13%
2019-12-23,379.12%,56.59%,88.88%,320.03%
2019-12-24,389.16%,56.56%,89.04%,320.09%
2019-12-26,398.12%,57.36%,90.50%,322.27%
2019-12-27,396.92%,57.37%,90.17%,319.91%
2019-12-30,382.91%,56.46%,88.89%,314.48%
2019-12-31,383.63%,56.92%,89.45%,316.91%
2020-01-02,396.84%,58.23%,91.98%,325.96%
2020-01-03,391.68%,57.12%,90.47%,325.43%
2020-01-06,400.17%,57.67%,91.54%,333.48%
2020-01-07,404.73%,57.23%,91.48%,333.97%
2020-01-08,413.34%,58.00%,92.76%,339.38%
2020-01-09,425.24%,59.05%,94.33%,344.27%
2020-01-10,426.43%,58.60%,93.81%,342.89%
2020-01-13,439.39%,59.70%,95.82%,349.30%
2020-01-14,436.50%,59.46%,95.34%,347.98%
2020-01-15,446.19%,59.76%,95.49%,351.46%
2020-01-16,448.24%,61.10%,97.57%,356.09%
2020-01-17,451.98%,61.72%,98.24%,354.71%
2020-01-21,459.11%,61.29%,97.86%,354.85%
2020-01-22,458.16%,61.34%,98.13%,354.49%
2020-01-23,463.70%,61.52%,98.53%,356.32%
2020-01-24,461.80%,60.06%,96.68%,354.62%
2020-01-27,448.94%,57.54%,92.97%,347.52%
2020-01-28,469.79%,59.13%,95.73%,355.79%
2020-01-29,475.02%,58.99%,95.84%,357.19%
2020-01-30,479.98%,59.49%,96.34%,363.02%
2020-01-31,466.52%,56.66%,93.22%,356.04%
2020-02-03,478.18%,57.80%,95.80%,363.61%
2020-02-04,497.06%,60.16%,99.91%,376.10%
2020-02-05,480.85%,61.96%,100.77%,364.41%
2020-02-06,479.43%,62.50%,102.11%,366.26%
2020-02-07,484.92%,61.63%,101.02%,368.21%
2020-02-10,500.22%,62.81%,103.30%,373.57%
2020-02-11,499.41%,63.08%,103.52%,372.79%
2020-02-12,539.89%,64.14%,105.36%,375.95%
2020-02-13,543.66%,63.87%,105.06%,378.63%
2020-02-14,543.66%,64.17%,105.47%,383.43%
2020-02-18,549.23%,63.69%,105.50%,386.61%
2020-02-19,559.85%,64.46%,107.29%,392.29%
2020-02-20,553.60%,63.84%,105.89%,387.29%
2020-02-21,535.18%,62.11%,102.21%,376.85%
2020-02-24,499.50%,56.68%,94.70%,364.20%
2020-02-25,468.02%,51.94%,89.31%,352.04%
2020-02-26,471.82%,51.36%,89.63%,351.56%
2020-02-27,444.39%,44.68%,80.88%,339.28%
2020-02-28,476.49%,43.49%,80.90%,345.21%
2020-03-02,496.91%,50.09%,89.02%,351.98%
2020-03-03,480.82%,45.87%,83.36%,338.93%
2020-03-04,518.37%,52.03%,90.41%,352.74%
2020-03-05,499.99%,46.87%,84.51%,345.61%
2020-03-06,470.07%,44.37%,81.07%,327.82%
2020-03-09,404.62%,33.40%,67.88%,292.39%
2020-03-10,441.50%,39.99%,76.19%,304.56%
2020-03-11,405.73%,33.15%,67.90%,281.82%
2020-03-12,346.94%,20.48%,52.06%,248.50%
2020-03-13,369.68%,31.67%,66.28%,267.05%
2020-03-16,278.70%,15.89%,45.79%,219.14%
2020-03-17,317.31%,22.84%,54.87%,243.32%
2020-03-18,294.05%,16.47%,47.59%,228.28%
2020-03-19,290.36%,17.02%,50.98%,249.38%
2020-03-20,297.53%,11.95%,45.26%,250.14%
2020-03-23,331.59%,8.67%,44.86%,257.55%
2020-03-24,396.21%,18.87%,56.63%,283.20%
2020-03-25,415.65%,20.24%,55.92%,280.87%
2020-03-26,417.90%,27.74%,64.64%,301.59%
2020-03-27,387.95%,23.44%,58.41%,291.21%
2020-03-30,400.89%,27.58%,64.15%,297.83%
2020-03-31,386.22%,25.53%,62.58%,287.74%
2020-04-01,347.02%,19.99%,55.42%,269.01%
2020-04-02,308.95%,22.73%,58.09%,263.84%
2020-04-03,318.88%,20.87%,55.68%,259.92%
2020-04-06,362.02%,29.37%,67.09%,284.34%
2020-04-07,347.18%,29.17%,66.54%,277.11%
2020-04-08,390.19%,33.57%,70.84%,297.20%
2020-04-09,395.88%,35.50%,72.16%,301.35%
2020-04-13,428.16%,34.13%,72.98%,306.53%
2020-04-14,483.40%,38.23%,79.81%,323.53%
2020-04-15,486.46%,35.19%,77.22%,324.57%
2020-04-16,518.01%,35.97%,80.16%,328.58%
2020-04-17,593.72%,39.62%,82.64%,340.30%
2020-04-20,645.15%,37.12%,80.76%,345.76%
2020-04-21,584.22%,32.91%,74.48%,325.74%
2020-04-22,637.48%,35.96%,79.38%,339.21%
2020-04-23,628.65%,35.89%,79.36%,339.26%
2020-04-24,656.07%,37.78%,82.31%,346.34%
2020-04-27,634.64%,39.81%,84.33%,356.41%
2020-04-28,639.29%,39.07%,81.75%,346.50%
2020-04-29,644.66%,42.77%,88.23%,361.78%
2020-04-30,634.67%,41.46%,87.70%,360.56%
2020-05-01,612.44%,37.49%,81.69%,346.88%
2020-05-04,669.28%,38.07%,83.92%,356.74%
2020-05-05,702.97%,39.32%,86.00%,369.16%
2020-05-06,765.14%,38.35%,86.96%,382.15%
2020-05-07,751.37%,39.94%,89.60%,413.59%
2020-05-08,734.21%,42.30%,92.59%,415.54%
2020-05-11,784.85%,42.32%,94.09%,426.80%
2020-05-12,779.16%,39.40%,90.09%,421.26%
2020-05-13,796.08%,36.97%,87.14%,414.47%
2020-05-14,800.15%,38.54%,88.84%,420.33%
2020-05-15,816.99%,39.09%,90.34%,433.29%
2020-05-18,770.44%,43.47%,94.99%,429.28%
2020-05-19,791.10%,41.97%,93.94%,435.17%
2020-05-20,823.07%,44.33%,97.97%,446.81%
2020-05-21,854.70%,43.21%,96.05%,446.43%
2020-05-22,882.04%,43.55%,96.89%,457.69%
2020-05-26,807.11%,45.31%,97.22%,449.40%
2020-05-27,782.52%,47.46%,98.74%,443.73%
2020-05-28,772.57%,47.15%,97.82%,448.56%
2020-05-29,786.67%,47.86%,100.38%,474.66%
2020-06-01,785.94%,48.42%,101.69%,493.34%
2020-06-02,816.67%,49.63%,102.88%,492.44%
2020-06-03,796.63%,51.68%,104.45%,495.20%
2020-06-04,760.78%,51.17%,103.03%,471.52%
2020-06-05,754.37%,55.13%,107.22%,468.77%
2020-06-08,757.68%,57.00%,109.56%,478.48%
2020-06-09,769.43%,55.77%,110.17%,472.66%
2020-06-10,773.40%,54.94%,111.58%,484.98%
2020-06-11,748.86%,45.81%,100.44%,457.64%
2020-06-12,769.81%,47.72%,102.46%,466.64%
2020-06-15,847.07%,48.94%,105.36%,485.21%
2020-06-16,850.11%,51.77%,108.95%,497.81%
2020-06-17,864.16%,51.22%,109.26%,502.92%
2020-06-18,918.29%,51.31%,109.94%,515.95%
2020-06-19,940.98%,50.46%,110.01%,513.70%
2020-06-22,974.90%,51.43%,112.34%,535.50%
2020-06-23,981.00%,52.09%,113.92%,534.13%
2020-06-24,965.03%,48.15%,109.23%,521.64%
2020-06-25,989.48%,49.78%,111.51%,537.46%
2020-06-26,984.29%,46.15%,106.02%,533.77%
2020-06-29,997.90%,48.29%,108.49%,521.04%
2020-06-30,1029.98%,50.58%,112.39%,535.79%
2020-07-01,1124.21%,51.34%,114.41%,556.18%
2020-07-02,1137.44%,52.02%,115.53%,557.29%
2020-07-06,1085.60%,54.44%,120.30%,560.01%
2020-07-07,1128.17%,52.77%,118.41%,561.56%
2020-07-08,1138.20%,53.96%,121.55%,585.59%
2020-07-09,1162.29%,53.09%,122.71%,594.89%
2020-07-10,1155.47%,54.70%,124.18%,582.23%
2020-07-13,1067.24%,53.25%,119.40%,538.14%
2020-07-14,1078.62%,55.30%,121.46%,540.84%
2020-07-15,1056.20%,56.71%,122.77%,540.96%
2020-07-16,1013.90%,56.18%,121.15%,528.84%
2020-07-17,1014.45%,56.62%,121.77%,538.04%
2020-07-20,1120.51%,57.94%,127.34%,572.28%
2020-07-21,1050.55%,58.21%,125.51%,562.57%
2020-07-22,1056.85%,59.12%,126.06%,562.41%
2020-07-23,1013.59%,57.15%,120.89%,546.43%
2020-07-24,1018.00%,56.18%,118.81%,536.30%
2020-07-27,1077.40%,57.34%,122.47%,550.44%
2020-07-28,1086.98%,56.32%,119.64%,546.21%
2020-07-29,1171.77%,58.26%,122.61%,569.54%
2020-07-30,1166.18%,57.67%,123.56%,575.87%
2020-07-31,1135.12%,58.88%,126.88%,583.17%
2020-08-03,1211.95%,60.02%,130.21%,604.02%
2020-08-04,1212.40%,60.60%,131.02%,604.53%
2020-08-05,1240.17%,61.63%,132.23%,606.37%
2020-08-06,1242.25%,62.67%,134.54%,588.40%
2020-08-07,1194.88%,62.77%,132.49%,555.66%
2020-08-10,1132.01%,63.22%,131.59%,537.49%
2020-08-11,1090.27%,61.92%,127.68%,527.66%
2020-08-12,1113.40%,64.18%,132.52%,534.68%
2020-08-13,1128.93%,63.85%,133.16%,551.59%
2020-08-14,1114.87%,63.82%,132.67%,546.09%
2020-08-17,1156.92%,64.26%,135.00%,559.78%
2020-08-18,1167.99%,64.64%,136.71%,567.72%
2020-08-19,1149.25%,63.92%,135.35%,566.51%
2020-08-20,1194.59%,64.43%,137.86%,587.39%
2020-08-21,1173.61%,65.00%,138.84%,577.37%
2020-08-24,1142.32%,66.66%,140.28%,572.96%
2020-08-25,1187.87%,67.26%,142.11%,583.59%
2020-08-26,1243.25%,68.96%,146.30%,614.63%
2020-08-27,1201.53%,69.24%,145.46%,615.52%
2020-08-28,1188.34%,70.38%,146.95%,622.87%
2020-08-31,1224.20%,70.01%,148.63%,629.80%
2020-09-01,1314.61%,71.29%,152.10%,667.85%
2020-09-02,1236.55%,73.92%,154.57%,662.21%
2020-09-03,1158.72%,67.81%,141.93%,599.38%
2020-09-04,1104.27%,66.45%,138.87%,572.02%
2020-09-08,1029.79%,61.83%,129.05%,554.77%
2020-09-09,1071.37%,65.09%,135.25%,569.82%
2020-09-10,1047.93%,62.18%,130.56%,562.97%
2020-09-11,1021.69%,62.27%,129.17%,549.46%
2020-09-14,1050.54%,64.34%,133.46%,561.18%
2020-09-15,1063.86%,65.20%,136.28%,566.92%
2020-09-16,1006.90%,64.43%,133.33%,560.75%
2020-09-17,981.34%,63.05%,130.37%,552.06%
2020-09-18,1011.23%,61.23%,127.90%,557.65%
2020-09-21,1051.97%,59.36%,127.59%,577.15%
2020-09-22,1086.78%,61.04%,131.49%,589.84%
2020-09-23,1038.95%,57.22%,124.51%,573.31%
2020-09-24,1032.59%,57.69%,125.34%,565.97%
2020-09-25,1098.24%,60.20%,130.44%,588.16%
2020-09-28,1108.60%,62.79%,134.74%,597.49%
2020-09-29,1181.39%,62.00%,134.06%,598.03%
2020-09-30,1175.77%,63.34%,135.80%,597.34%
2020-10-01,1219.78%,64.20%,139.16%,612.36%
2020-10-02,1188.11%,62.63%,133.85%,602.98%
2020-10-05,1247.09%,65.55%,139.28%,615.42%
2020-10-06,1210.55%,63.24%,135.53%,619.63%
2020-10-07,1253.21%,66.08%,139.96%,640.87%
2020-10-08,1251.25%,67.41%,141.15%,640.30%
2020-10-09,1284.62%,68.88%,144.51%,661.98%
2020-10-12,1271.40%,71.66%,150.76%,672.81%
2020-10-13,1286.04%,70.57%,150.50%,684.11%
2020-10-14,1255.40%,69.44%,148.49%,674.32%
2020-10-15,1257.58%,69.18%,147.33%,668.16%
2020-10-16,1242.33%,69.21%,146.44%,668.83%
2020-10-19,1248.16%,66.44%,142.37%,663.99%
2020-10-20,1234.31%,67.23%,143.17%,655.11%
2020-10-21,1177.44%,66.86%,142.50%,638.98%
2020-10-22,1162.01%,67.73%,142.95%,634.73%
2020-10-23,1184.35%,68.31%,143.84%,642.30%
2020-10-26,1190.75%,65.18%,139.84%,626.75%
2020-10-27,1241.93%,64.68%,141.37%,633.98%
2020-10-28,1179.05%,58.87%,132.36%,610.06%
2020-10-29,1131.41%,60.77%,136.18%,608.58%
2020-10-30,1049.21%,58.82%,130.39%,585.78%
2020-11-02,1037.30%,60.78%,131.37%,577.92%
2020-11-03,1067.77%,63.64%,135.65%,593.38%
2020-11-04,1141.79%,67.25%,144.74%,636.18%
2020-11-05,1194.43%,70.50%,151.07%,660.77%
2020-11-06,1253.67%,70.45%,151.16%,661.53%
2020-11-09,1072.90%,72.45%,147.33%,620.08%
2020-11-10,1024.84%,72.21%,143.96%,602.37%
2020-11-11,1111.06%,73.52%,148.87%,621.79%
2020-11-12,1079.70%,71.79%,147.24%,626.55%
2020-11-13,1070.18%,74.13%,149.77%,622.23%
2020-11-16,1063.93%,76.16%,151.77%,619.83%
2020-11-17,1076.84%,75.31%,151.25%,632.17%
2020-11-18,1092.70%,73.29%,149.19%,628.49%
2020-11-19,1142.76%,73.97%,151.36%,646.42%
2020-11-20,1175.73%,72.79%,150.31%,653.79%
2020-11-23,1191.41%,73.76%,150.86%,656.91%
2020-11-24,1171.01%,76.57%,154.15%,652.07%
2020-11-25,1240.18%,76.29%,155.37%,676.46%
2020-11-27,1251.30%,76.71%,157.72%,692.11%
2020-11-30,1308.10%,75.90%,157.57%,699.93%
2020-12-01,1265.47%,77.88%,160.87%,690.99%
2020-12-02,1276.04%,78.20%,160.75%,683.28%
2020-12-03,1264.63%,78.09%,161.34%,699.71%
2020-12-04,1257.54%,79.66%,163.18%,708.68%
2020-12-07,1296.87%,79.32%,164.35%,715.37%
2020-12-08,1315.67%,79.82%,165.68%,727.14%
2020-12-09,1237.60%,78.39%,160.53%,701.16%
2020-12-10,1287.59%,78.16%,161.94%,726.20%
2020-12-11,1261.04%,77.93%,161.35%,729.07%
2020-12-14,1258.28%,77.16%,162.67%,740.71%
2020-12-15,1282.87%,79.45%,165.94%,742.94%
2020-12-16,1374.89%,79.76%,167.27%,757.76%
2020-12-17,1399.69%,80.80%,169.52%,780.89%
2020-12-18,1399.78%,80.16%,169.33%,796.19%
2020-12-21,1421.47%,79.46%,169.05%,804.13%
2020-12-22,1515.25%,79.09%,170.43%,834.69%
2020-12-23,1409.64%,79.22%,169.66%,817.39%
2020-12-24,1433.55%,79.86%,170.37%,815.90%
2020-12-28,1348.28%,81.43%,172.37%,791.31%
2020-12-29,1356.15%,81.02%,171.33%,777.94%
2020-12-30,1363.08%,81.26%,171.75%,781.52%
2020-12-31,1322.99%,82.43%,172.13%,775.34%
2021-01-04,1295.37%,79.74%,168.12%,760.36%
2021-01-05,1339.83%,81.01%,170.67%,767.68%
2021-01-06,1306.98%,82.05%,169.02%,741.21%
2021-01-07,1399.55%,84.75%,175.92%,774.54%
2021-01-08,1434.99%,85.76%,178.76%,794.36%
2021-01-11,1395.63%,84.55%,175.26%,787.21%
2021-01-12,1412.30%,84.62%,176.02%,792.65%
2021-01-13,1426.81%,85.04%,177.21%,790.79%
2021-01-14,1416.90%,84.35%,176.87%,792.10%
2021-01-15,1401.38%,83.02%,174.46%,782.12%
2021-01-19,1404.89%,84.51%,178.65%,799.98%
2021-01-20,1430.37%,87.08%,184.15%,814.66%
2021-01-21,1408.50%,87.14%,185.70%,811.70%
2021-01-22,1415.69%,86.58%,185.96%,818.13%
2021-01-25,1409.58%,87.25%,187.92%,807.60%
2021-01-26,1347.51%,86.97%,187.71%,785.62%
2021-01-27,1272.46%,82.17%,180.20%,766.62%
2021-01-28,1319.79%,83.95%,181.61%,789.86%
2021-01-29,1217.62%,80.40%,175.98%,779.65%
2021-02-01,1269.02%,83.29%,183.01%,798.47%
2021-02-02,1367.49%,85.84%,187.43%,828.70%
2021-02-03,1347.73%,86.03%,187.38%,822.06%
2021-02-04,1395.46%,88.05%,190.91%,841.94%
2021-02-05,1422.91%,88.78%,192.57%,859.81%
2021-02-08,1514.42%,90.18%,195.34%,866.87%
2021-02-09,1593.83%,89.97%,195.77%,877.75%
2021-02-10,1613.34%,89.90%,195.02%,878.93%
2021-02-11,1627.77%,90.22%,196.15%,882.66%
2021-02-12,1634.55%,91.11%,197.62%,888.94%
2021-02-16,1657.41%,91.00%,196.61%,876.42%
2021-02-17,1603.50%,90.94%,194.88%,864.90%
2021-02-18,1568.01%,90.10%,192.76%,866.85%
2021-02-19,1625.51%,89.75%,192.95%,877.83%
2021-02-22,1560.08%,88.28%,185.75%,825.88%
2021-02-23,1464.29%,88.52%,184.31%,807.76%
2021-02-24,1423.27%,90.66%,187.12%,817.16%
2021-02-25,1353.69%,85.99%,177.01%,768.87%
2021-02-26,1401.66%,85.11%,178.55%,771.67%
2021-03-01,1445.67%,89.51%,186.92%,805.41%
2021-03-02,1466.64%,87.98%,182.07%,778.86%
2021-03-03,1346.52%,85.52%,174.44%,730.40%
2021-03-04,1253.42%,83.03%,168.65%,697.48%
2021-03-05,1236.12%,86.60%,172.80%,693.99%
2021-03-08,1152.56%,85.60%,166.24%,658.07%
2021-03-09,1250.02%,88.23%,176.05%,710.01%
2021-03-10,1215.12%,89.36%,175.94%,701.24%
2021-03-11,1292.91%,91.33%,182.91%,741.28%
2021-03-12,1296.04%,91.53%,181.24%,728.89%
2021-03-15,1335.02%,92.77%,184.20%,738.74%
2021-03-16,1297.09%,92.47%,184.45%,727.43%
2021-03-17,1326.31%,93.02%,185.58%,728.73%
2021-03-18,1229.09%,90.17%,176.94%,685.98%
2021-03-19,1230.60%,90.06%,179.04%,699.29%
2021-03-22,1245.63%,91.39%,182.46%,714.88%
2021-03-23,1249.27%,89.93%,179.30%,711.28%
2021-03-24,1184.49%,88.89%,173.69%,672.76%
2021-03-25,1132.02%,89.88%,174.02%,671.90%
2021-03-26,1145.75%,93.04%,177.42%,679.19%
2021-03-29,1113.81%,92.87%,175.75%,657.67%
2021-03-30,1132.16%,92.27%,175.45%,659.81%
2021-03-31,1211.80%,92.96%,179.70%,687.61%
2021-04-01,1256.10%,95.24%,184.63%,711.29%
2021-04-05,1249.90%,98.06%,189.39%,710.51%
2021-04-06,1271.62%,97.87%,189.24%,722.23%
2021-04-07,1297.82%,98.16%,189.03%,712.74%
2021-04-08,1378.85%,99.00%,192.00%,732.98%
2021-04-09,1390.00%,100.53%,193.50%,730.82%
2021-04-12,1383.76%,100.49%,192.44%,732.68%
2021-04-13,1402.57%,101.16%,195.52%,756.60%
2021-04-14,1314.99%,100.33%,192.60%,745.10%
2021-04-15,1351.32%,102.56%,196.42%,762.25%
2021-04-16,1335.33%,103.29%,196.71%,752.06%
2021-04-19,1263.51%,102.21%,193.81%,732.89%
2021-04-20,1249.04%,100.83%,191.09%,717.23%
2021-04-21,1258.45%,102.70%,194.55%,728.48%
2021-04-22,1215.17%,100.83%,191.77%,735.24%
2021-04-23,1214.51%,103.03%,195.96%,750.03%
2021-04-26,1286.71%,103.39%,198.54%,778.46%
2021-04-27,1276.93%,103.35%,197.51%,772.45%
2021-04-28,1398.50%,103.18%,196.68%,773.78%
2021-04-29,1338.89%,104.55%,197.35%,751.44%
2021-04-30,1293.52%,103.08%,194.82%,
2021-05-03,1240.38%,103.64%,193.39%,718.93%
2021-05-04,1241.49%,102.28%,187.87%,689.95%
2021-05-05,1225.91%,102.42%,186.79%,679.91%
2021-05-06,1186.86%,104.07%,187.85%,657.98%
2021-05-07,1221.33%,105.58%,190.37%,669.25%
2021-05-10,1165.56%,103.43%,182.98%,650.14%
2021-05-11,1199.41%,101.67%,182.71%,667.09%
2021-05-12,1155.92%,97.34%,175.16%,639.51%
2021-05-13,1106.22%,99.74%,177.13%,629.08%
2021-05-14,1151.15%,102.72%,183.57%,655.44%
2021-05-17,1151.97%,102.21%,182.49%,649.44%
2021-05-18,1183.49%,100.49%,180.90%,659.36%
2021-05-19,1214.12%,99.90%,180.82%,659.63%
2021-05-20,1258.80%,102.01%,185.80%,682.11%
2021-05-21,1255.91%,101.85%,184.44%,683.52%
2021-05-24,1310.64%,103.85%,188.45%,695.00%
2021-05-25,1297.79%,103.42%,188.37%,695.04%
2021-05-26,1302.63%,103.80%,190.07%,709.02%
2021-05-27,1299.53%,104.04%,190.04%,706.67%
2021-05-28,1304.00%,104.19%,190.30%,711.23%
2021-06-01,1311.65%,104.09%,190.04%,707.36%
2021-06-02,1280.47%,104.39%,190.46%,711.99%
2021-06-03,1229.31%,103.65%,187.47%,696.45%
2021-06-04,1240.02%,105.44%,191.69%,707.48%
2021-06-07,1264.56%,105.28%,193.11%,721.97%
2021-06-08,1251.03%,105.32%,194.02%,731.26%
2021-06-09,1233.73%,104.94%,193.74%,727.29%
2021-06-10,1267.22%,105.90%,196.03%,746.64%
2021-06-11,1285.34%,106.30%,197.07%,760.69%
2021-06-14,1364.69%,106.67%,199.28%,771.03%
2021-06-15,1378.29%,106.26%,197.14%,758.12%
2021-06-16,1412.32%,105.14%,196.44%,765.31%
2021-06-17,1514.64%,105.05%,199.01%,
2021-06-18,1533.11%,102.36%,196.25%,806.44%
2021-06-21,1546.00%,105.20%,198.59%,806.44%
2021-06-22,1578.59%,106.25%,200.95%,815.70%
2021-06-23,1573.87%,106.02%,201.34%,821.51%
2021-06-24,1554.19%,107.22%,203.41%,827.94%
2021-06-25,1543.97%,107.91%,203.21%,827.16%
2021-06-28,1580.29%,108.39%,206.17%,834.11%
2021-06-29,1572.57%,108.45%,206.76%,835.90%
2021-06-30,1541.59%,108.73%,206.25%,816.22%
2021-07-01,1528.12%,109.82%,206.63%,815.70%
2021-07-02,1533.84%,111.39%,209.10%,824.05%
2021-07-06,1624.33%,110.96%,209.62%,842.58%
2021-07-07,1607.18%,111.67%,209.65%,839.58%
2021-07-08,1544.10%,109.86%,207.42%,831.09%
2021-07-09,1580.39%,112.23%,210.43%,840.64%
2021-07-12,1584.41%,112.96%,211.09%,829.64%
2021-07-13,1609.82%,112.21%,209.91%,823.99%
2021-07-14,1476.65%,112.46%,209.22%,804.15%
2021-07-15,1451.99%,111.77%,207.07%,789.68%
2021-07-16,1458.01%,110.17%,204.63%,793.94%
2021-07-19,1486.70%,106.83%,201.41%,800.11%
2021-07-20,1555.89%,109.97%,206.14%,823.55%
2021-07-21,1611.47%,111.70%,208.95%,835.01%
2021-07-22,1646.39%,112.13%,210.06%,846.24%
2021-07-23,1707.50%,114.28%,213.28%,853.66%
2021-07-26,1634.95%,114.79%,213.36%,849.46%
2021-07-27,1597.30%,113.78%,209.55%,831.44%
2021-07-28,1581.88%,113.74%,211.71%,848.90%
2021-07-29,1565.45%,114.64%,212.04%,849.94%
2021-07-30,1528.55%,113.48%,209.81%,840.51%
2021-08-02,1611.49%,113.08%,209.99%,844.57%
2021-08-03,1594.08%,114.83%,211.68%,843.74%
2021-08-04,1617.00%,113.84%,212.09%,860.56%
2021-08-05,1637.02%,115.12%,214.51%,874.45%
2021-08-06,1601.90%,115.48%,213.25%,862.59%
2021-08-09,1625.72%,115.28%,213.77%,864.96%
2021-08-10,1599.46%,115.49%,212.25%,846.68%
2021-08-11,1549.63%,115.77%,211.76%,841.51%
2021-08-12,1564.83%,116.66%,212.84%,853.71%
2021-08-13,1557.58%,117.01%,212.98%,851.42%
2021-08-16,1543.65%,117.58%,212.36%,835.39%
2021-08-17,1535.08%,116.04%,209.46%,828.51%
2021-08-18,1539.96%,113.72%,206.71%,827.19%
2021-08-19,1510.16%,113.99%,207.04%,824.19%
2021-08-20,1499.34%,115.73%,210.69%,833.97%
2021-08-23,1536.76%,117.57%,215.51%,856.11%
2021-08-24,1583.19%,117.89%,217.14%,873.57%
2021-08-25,1592.80%,118.38%,217.60%,878.28%
2021-08-26,1544.04%,117.11%,215.58%,873.29%
2021-08-27,1558.86%,119.02%,219.45%,896.07%
2021-08-30,1570.78%,119.96%,222.33%,904.11%
2021-08-31,1543.52%,119.66%,222.19%,898.27%
2021-09-01,1537.99%,119.73%,223.25%,908.86%
2021-09-02,1532.47%,120.36%,223.71%,917.65%
2021-09-03,1527.17%,120.28%,224.40%,934.24%
2021-09-07,1509.51%,119.54%,224.62%,927.13%
2021-09-08,1425.87%,119.25%,222.77%,904.24%
2021-09-09,1436.99%,118.24%,221.96%,903.88%
2021-09-10,1407.48%,116.55%,219.16%,886.66%
2021-09-13,1406.84%,117.04%,218.95%,881.68%
2021-09-14,1387.73%,115.80%,217.52%,883.23%
2021-09-15,1409.34%,117.63%,220.13%,890.47%
2021-09-16,1414.90%,117.29%,220.56%,906.66%
2021-09-17,1425.58%,115.31%,217.65%,906.50%
2021-09-20,1379.43%,111.65%,210.68%,880.34%
2021-09-21,1380.46%,111.48%,211.36%,885.28%
2021-09-22,1419.74%,113.49%,214.54%,897.37%
2021-09-23,1432.65%,116.09%,217.82%,911.37%
2021-09-24,1394.40%,116.40%,217.73%,905.80%
2021-09-27,1380.77%,115.80%,216.09%,888.50%
2021-09-28,1295.26%,111.41%,207.15%,842.69%
2021-09-29,1270.36%,111.74%,206.42%,837.29%
2021-09-30,1285.32%,109.22%,205.08%,843.71%
2021-10-01,1276.82%,111.62%,207.57%,853.61%
2021-10-04,1232.42%,108.87%,201.00%,812.97%
2021-10-05,1245.03%,111.07%,204.77%,828.01%
2021-10-06,1269.38%,111.94%,206.20%,840.17%
2021-10-07,1325.88%,113.69%,209.41%,856.55%
2021-10-08,1291.52%,113.29%,207.84%,845.30%
2021-10-11,1263.60%,111.82%,205.87%,839.94%
2021-10-12,1266.84%,111.31%,205.44%,857.19%
2021-10-13,1308.57%,111.95%,207.67%,890.82%
2021-10-14,1316.23%,115.56%,212.99%,909.04%
2021-10-15,1332.04%,117.17%,214.55%,905.20%
2021-10-18,1369.09%,117.91%,217.18%,916.73%
2021-10-19,1387.20%,119.52%,219.45%,928.06%
2021-10-20,1387.31%,120.32%,219.29%,925.71%
2021-10-21,1415.16%,120.98%,221.27%,940.32%
2021-10-22,1329.87%,120.74%,218.62%,929.80%
2021-10-25,1335.14%,121.79%,221.51%,938.24%
2021-10-26,1288.51%,122.20%,221.70%,928.31%
2021-10-27,1273.49%,121.07%,221.70%,909.06%
2021-10-28,1372.13%,123.25%,226.18%,921.71%
2021-10-29,1369.34%,123.68%,227.24%,926.18%
2021-11-01,1420.18%,124.08%,229.30%,934.71%
2021-11-02,1366.16%,124.91%,230.44%,923.63%
2021-11-03,1384.61%,126.36%,233.86%,931.07%
2021-11-04,1422.98%,127.31%,236.57%,945.58%
2021-11-05,1403.68%,128.16%,237.23%,940.83%
2021-11-08,1402.48%,128.36%,237.46%,953.67%
2021-11-09,1431.35%,127.56%,235.44%,971.07%
2021-11-10,1359.40%,125.69%,229.87%,931.41%
2021-11-11,1365.83%,125.81%,231.59%,933.03%
2021-11-12,1551.46%,127.44%,234.90%,952.75%
2021-11-15,1547.64%,127.44%,234.75%,943.13%
2021-11-16,1575.49%,128.32%,237.28%,952.68%
2021-11-17,1540.70%,127.73%,236.18%,933.72%
2021-11-18,1608.24%,128.50%,237.70%,918.80%
2021-11-19,1615.09%,128.18%,239.05%,904.55%
2021-11-22,1512.54%,127.45%,234.77%,847.49%
2021-11-23,1494.15%,127.83%,233.09%,826.45%
2021-11-24,1558.84%,128.35%,234.57%,841.86%
2021-11-26,1499.73%,123.16%,227.10%,835.69%
2021-11-29,1486.43%,126.10%,233.25%,845.89%
2021-11-30,1436.85%,121.82%,228.07%,823.14%
2021-12-01,1369.62%,119.20%,222.08%,762.11%
2021-12-02,1351.07%,122.31%,224.77%,777.53%
2021-12-03,1311.40%,120.43%,218.52%,736.64%
2021-12-06,1323.64%,123.02%,221.47%,741.00%
2021-12-07,1413.20%,127.63%,231.22%,786.85%
2021-12-08,1410.94%,128.34%,233.34%,808.95%
2021-12-09,1394.06%,126.70%,227.64%,775.48%
2021-12-10,1358.07%,128.86%,230.03%,758.17%
2021-12-13,1286.54%,126.77%,225.45%,754.15%
2021-12-14,1240.35%,125.08%,221.74%,731.26%
2021-12-15,1251.90%,128.76%,228.66%,753.87%
2021-12-16,1212.30%,126.76%,220.53%,720.35%
2021-12-17,1210.48%,124.42%,220.30%,745.92%
2021-12-20,1164.43%,121.87%,216.32%,734.18%
2021-12-21,1261.78%,125.81%,223.92%,770.47%
2021-12-22,1271.83%,128.11%,227.74%,770.00%
2021-12-23,1322.28%,129.53%,230.52%,771.92%
2021-12-27,1273.16%,132.71%,235.12%,773.86%
2021-12-28,1251.96%,132.47%,233.23%,
2021-12-29,1277.74%,132.80%,232.90%,754.33%
2021-12-30,1275.78%,132.10%,232.38%,765.63%
2021-12-31,1252.84%,131.49%,230.34%,751.33%
2022-01-03,1187.66%,132.97%,234.30%,742.38%
2022-01-04,1034.41%,132.82%,229.87%,707.36%
2022-01-05,1001.14%,128.31%,218.83%,660.42%
2022-01-06,984.08%,128.09%,218.43%,665.56%
2022-01-07,953.81%,127.16%,215.37%,659.96%
2022-01-10,951.12%,126.83%,215.51%,668.31%
2022-01-11,973.26%,128.91%,219.96%,687.54%
2022-01-12,985.79%,129.56%,220.70%,678.76%
2022-01-13,881.91%,126.29%,212.64%,636.57%
2022-01-14,922.49%,126.47%,214.48%,633.88%
2022-01-18,882.46%,122.31%,206.31%,612.93%
2022-01-19,853.52%,120.15%,202.79%,611.21%
2022-01-20,847.20%,117.72%,198.86%,608.27%
2022-01-21,713.65%,113.61%,190.73%,583.87%
2022-01-24,765.77%,114.20%,192.55%,609.56%
2022-01-25,724.44%,111.59%,185.88%,575.40%
2022-01-26,699.02%,111.27%,185.94%,566.37%
2022-01-27,652.09%,110.14%,181.94%,558.43%
2022-01-28,705.85%,115.25%,190.76%,589.39%
2022-01-31,793.11%,119.32%,200.67%,633.82%
2022-02-01,808.81%,120.82%,202.91%,642.53%
2022-02-02,708.18%,122.90%,204.42%,615.25%
2022-02-03,627.85%,117.47%,193.05%,584.67%
2022-02-04,694.61%,118.59%,197.67%,616.59%
2022-02-07,676.94%,117.78%,195.94%,620.78%
2022-02-08,685.51%,119.61%,199.71%,632.98%
2022-02-09,733.42%,122.80%,205.96%,651.29%
2022-02-10,705.40%,118.76%,199.52%,645.54%
2022-02-10,705.40%,118.76%,199.52%,645.54%
2022-02-11,672.89%,114.61%,191.20%,615.76%
2022-02-14,675.30%,113.79%,191.19%,616.56%
2022-02-15,711.06%,117.16%,198.56%,637.66%
2022-02-16,577.58%,117.35%,198.23%,624.22%
2022-02-17,500.95%,112.75%,189.62%,581.04%
2022-02-18,487.69%,111.22%,186.06%,559.02%
2022-02-22,460.34%,109.08%,182.55%,549.00%
2022-02-23,460.46%,105.23%,175.28%,518.01%
2022-02-24,499.11%,108.30%,184.49%,567.17%
2022-02-25,550.67%,112.96%,189.16%,571.79%
2022-02-28,572.32%,112.44%,190.36%,589.27%
2022-03-01,556.72%,109.15%,185.73%,584.13%
2022-03-02,545.40%,113.05%,190.37%,586.18%
2022-03-03,519.88%,111.93%,185.85%,553.03%
2022-03-04,483.63%,110.25%,181.11%,523.44%
2022-03-07,433.20%,104.05%,170.92%,495.04%
2022-03-08,398.78%,102.57%,170.17%,497.69%
2022-03-09,466.74%,107.78%,179.89%,532.17%
2022-03-10,435.77%,106.88%,177.23%,517.28%
2022-03-11,424.69%,104.20%,171.19%,479.35%
2022-03-14,396.29%,102.69%,165.65%,450.48%
2022-03-15,440.68%,107.03%,173.41%,466.79%
2022-03-15,440.68%,107.03%,173.41%,513.14%
2022-03-16,508.29%,111.66%,183.71%,512.91%
2022-03-17,555.63%,114.27%,187.47%,542.35%
2022-03-18,668.93%,116.77%,193.36%,571.17%
2022-03-21,583.13%,116.68%,192.19%,563.53%
2022-03-22,627.42%,119.13%,197.90%,586.54%
2022-03-23,601.54%,116.44%,193.97%,576.32%
2022-03-24,602.23%,119.54%,199.66%,582.47%
2022-03-25,574.75%,120.65%,199.18%,559.91%
2022-03-25,574.75%,120.65%,199.18%,573.95%
2022-03-28,607.56%,122.23%,203.10%,574.02%
2022-03-29,646.49%,124.96%,208.69%,605.56%
2022-03-30,607.18%,123.54%,204.94%,583.62%
2022-03-31,580.31%,120.04%,200.26%,571.45%
2022-04-01,556.67%,120.79%,201.13%,581.41%
2022-04-04,599.61%,122.58%,206.85%,605.53%
2022-04-05,571.10%,119.78%,199.92%,578.17%
2022-04-06,527.89%,117.65%,193.26%,549.43%
2022-04-07,518.63%,118.57%,193.44%,548.83%
2022-04-07,518.63%,118.57%,193.44%,548.83%
2022-04-08,487.28%,117.99%,189.50%,533.83%
2022-04-08,487.28%,117.99%,189.50%,533.83%
2022-04-11,495.25%,114.31%,183.19%,533.83%
2022-04-11,495.25%,114.31%,183.19%,537.52%
2022-04-12,477.63%,113.58%,182.34%,537.52%
2022-04-13,490.69%,115.97%,188.08%,537.90%
2022-04-13,490.69%,115.97%,188.08%,537.90%
2022-04-13,490.69%,115.97%,188.08%,559.15%
2022-04-14,462.75%,113.35%,181.90%,559.15%
2022-04-18,464.07%,113.30%,181.51%,535.83%
2022-04-19,491.82%,116.73%,187.57%,519.29%
2022-04-20,417.41%,116.59%,184.06%,544.32%
2022-04-21,376.21%,113.40%,178.18%,517.61%
2022-04-22,354.15%,107.48%,171.10%,490.99%
2022-04-25,365.43%,108.66%,174.59%,479.35%
2022-04-26,338.25%,102.79%,163.74%,499.43%
2022-04-27,331.60%,103.21%,163.70%,471.40%
2022-04-28,355.05%,108.24%,171.78%,467.14%
2022-04-29,333.62%,100.69%,160.44%,490.97%
2022-04-29,333.62%,100.69%,160.44%,464.23%
2022-05-02,359.14%,101.83%,164.69%,464.23%
2022-05-03,362.13%,102.80%,165.28%,
2022-05-04,380.98%,108.86%,173.75%,
2022-05-05,314.90%,101.41%,160.08%,
2022-05-06,299.65%,100.27%,156.43%,
2022-05-09,252.24%,93.85%,145.42%,
2022-05-10,255.54%,94.33%,147.84%,
2022-05-11,223.03%,91.13%,139.95%,
2022-05-12,247.72%,90.88%,140.09%,
2022-05-13,287.62%,95.44%,149.26%,
2022-05-16,258.08%,94.67%,146.26%,
2022-05-17,274.84%,98.59%,153.05%,
2022-05-18,257.17%,90.57%,141.09%,385.77%
2022-05-19,284.52%,89.46%,140.46%,363.55%
2022-05-20,262.35%,89.49%,139.75%,384.95%
2022-05-23,265.27%,93.00%,143.56%,387.65%
2022-05-24,226.73%,91.44%,137.84%,386.36%
2022-05-25,233.06%,93.25%,141.44%,358.58%
2022-05-26,254.52%,97.09%,147.90%,374.48%
2022-05-27,274.15%,101.96%,156.14%,388.43%
2022-05-31,272.01%,100.70%,155.09%,414.94%
2022-06-01,256.43%,99.20%,153.26%,397.67%
2022-06-02,289.13%,102.87%,160.07%,394.32%
2022-06-03,254.34%,99.55%,153.64%,426.61%
2022-06-06,260.09%,100.18%,154.67%,408.68%
2022-06-07,275.49%,102.08%,157.08%,405.31%
2022-06-08,282.32%,99.90%,155.20%,418.64%
2022-06-09,256.39%,95.14%,148.19%,420.70%
2022-06-10,233.78%,89.46%,139.44%,398.11%
2022-06-13,197.23%,82.12%,128.23%,369.61%
2022-06-14,186.80%,81.43%,128.64%,333.88%
2022-06-15,207.51%,84.08%,134.35%,334.01%
2022-06-16,185.46%,78.09%,124.79%,352.63%
2022-06-17,192.55%,78.49%,128.00%,326.30%
2022-06-21,200.72%,82.85%,133.72%,345.65%
2022-06-22,210.30%,82.62%,133.38%,354.81%
2022-06-23,233.93%,84.36%,137.16%,360.40%
2022-06-24,255.75%,89.99%,145.09%,388.00%
2022-06-27,245.79%,89.43%,143.34%,413.60%
2022-06-28,224.33%,85.61%,136.09%,401.35%
2022-06-29,210.84%,85.48%,136.02%,378.37%
2022-06-30,195.94%,83.85%,132.87%,375.97%
2022-07-01,200.77%,85.79%,134.96%,360.97%
2022-07-05,222.41%,86.09%,139.07%,375.74%
2022-07-06,215.65%,86.75%,139.90%,400.77%
2022-07-07,233.47%,89.55%,145.38%,394.91%
2022-07-08,232.73%,89.39%,145.68%,415.23%
2022-07-11,207.06%,87.21%,140.13%,413.15%
2022-07-12,208.54%,85.48%,137.85%,393.01%
2022-07-13,207.02%,84.65%,137.49%,373.19%
2022-07-14,197.09%,84.10%,137.56%,369.21%
2022-07-15,208.87%,87.63%,141.81%,354.67%
2022-07-18,215.78%,86.06%,139.86%,366.65%
2022-07-19,230.15%,91.20%,147.32%,365.72%
2022-07-20,264.73%,92.33%,151.21%,374.91%
2022-07-21,279.26%,94.23%,154.63%,404.18%
2022-07-22,256.98%,92.41%,149.87%,413.58%
2022-07-25,254.01%,92.67%,148.79%,390.49%
2022-07-26,216.47%,90.44%,144.14%,380.23%
2022-07-27,252.01%,95.43%,154.06%,356.60%
2022-07-28,258.46%,97.80%,156.81%,378.00%
2022-07-29,256.03%,100.61%,161.63%,384.01%
2022-08-01,268.85%,100.04%,161.17%,385.54%
2022-08-02,278.20%,98.71%,160.74%,390.00%
2022-08-03,317.01%,101.82%,167.48%,402.51%
2022-08-04,325.68%,101.66%,168.59%,431.79%
2022-08-05,319.58%,101.33%,167.26%,435.13%
2022-08-08,307.73%,101.08%,166.98%,441.74%
2022-08-09,287.44%,100.23%,163.80%,452.04%
2022-08-10,323.80%,104.49%,171.42%,435.64%
2022-08-11,319.27%,104.35%,169.84%,467.09%
2022-08-12,327.14%,107.89%,175.49%,454.41%
2022-08-15,319.71%,108.71%,177.19%,457.52%
2022-08-16,311.63%,109.10%,176.66%,457.83%
2022-08-17,289.44%,107.59%,173.18%,452.73%
2022-08-18,283.87%,108.06%,173.76%,436.84%
2022-08-19,261.87%,105.38%,168.27%,437.15%
2022-08-22,250.76%,100.98%,161.43%,415.55%
2022-08-23,245.47%,100.53%,161.43%,401.17%
2022-08-24,251.72%,101.12%,162.49%,399.29%
2022-08-25,262.37%,103.95%,166.87%,407.97%
2022-08-26,241.48%,97.08%,156.37%,419.61%
2022-08-29,237.50%,95.77%,153.75%,397.77%
2022-08-30,235.33%,93.61%,150.91%,389.52%
2022-08-31,235.93%,92.09%,149.49%,390.57%
2022-09-01,233.47%,92.67%,148.84%,387.02%
2022-09-02,224.39%,90.60%,145.58%,363.67%
2022-09-06,223.29%,89.82%,143.77%,362.37%
2022-09-07,234.76%,93.30%,148.98%,360.35%
2022-09-08,246.34%,94.58%,150.46%,374.22%
2022-09-09,267.45%,97.55%,155.75%,386.44%
2022-09-12,273.47%,99.64%,159.00%,407.59%
2022-09-13,250.36%,91.01%,145.64%,419.64%
2022-09-14,255.40%,91.66%,147.46%,390.11%
2022-09-15,256.22%,89.49%,143.92%,396.07%
2022-09-16,236.50%,88.13%,141.73%,392.82%
2022-09-19,243.76%,89.42%,143.56%,371.39%
2022-09-20,227.38%,87.28%,141.24%,375.09%
2022-09-20,227.38%,87.28%,141.24%,375.09%
2022-09-20,227.38%,87.28%,141.24%,363.01%
2022-09-21,220.93%,84.08%,136.91%,363.01%
2022-09-22,203.47%,82.52%,133.67%,357.70%
2022-09-23,200.65%,79.38%,129.47%,339.19%
2022-09-26,194.42%,77.52%,128.10%,332.19%
2022-09-27,194.34%,77.15%,128.66%,326.30%
2022-09-28,212.23%,80.63%,133.35%,335.62%
2022-09-29,195.52%,76.82%,126.72%,354.42%
2022-09-30,192.98%,74.15%,123.30%,344.96%
2022-10-03,203.60%,78.66%,128.36%,339.46%
2022-10-04,237.38%,84.12%,135.99%,348.73%
2022-10-05,233.52%,83.75%,135.40%,374.43%
2022-10-06,229.46%,81.87%,133.81%,374.61%
2022-10-07,205.18%,76.78%,124.92%,375.49%
2022-10-10,196.38%,75.45%,122.59%,347.78%
2022-10-11,183.32%,74.31%,120.15%,324.58%
2022-10-12,185.96%,73.74%,119.95%,316.51%
2022-10-13,188.10%,78.25%,124.85%,314.30%
2022-10-14,175.05%,74.03%,117.93%,313.77%
2022-10-17,199.36%,78.64%,125.42%,298.54%
2022-10-18,206.26%,80.68%,127.46%,322.27%
2022-10-19,197.97%,79.47%,125.52%,333.27%
2022-10-20,207.08%,78.05%,124.13%,319.80%
2022-10-21,209.26%,82.27%,129.30%,325.15%
2022-10-24,203.89%,84.44%,131.26%,328.92%
2022-10-25,215.97%,87.44%,136.47%,326.50%
2022-10-26,208.61%,86.05%,131.65%,352.72%
2022-10-27,237.51%,84.92%,127.88%,343.30%
2022-10-28,242.73%,89.47%,134.42%,350.66%
2022-10-31,244.59%,88.06%,132.01%,354.90%
2022-11-01,248.49%,87.29%,129.96%,353.42%
2022-11-02,230.01%,82.61%,122.23%,347.48%
2022-11-03,232.78%,80.67%,118.39%,314.46%
2022-11-04,239.31%,83.13%,121.18%,311.21%
2022-11-07,244.92%,84.89%,123.07%,287.34%
2022-11-08,249.96%,85.93%,124.16%,287.19%
2022-11-09,231.63%,82.07%,118.60%,291.34%
2022-11-10,280.45%,92.16%,134.67%,277.94%
2022-11-11,306.13%,93.94%,139.09%,327.99%
2022-11-14,297.83%,92.20%,136.40%,349.33%
2022-11-15,315.82%,93.88%,139.83%,337.16%
2022-11-16,303.08%,92.28%,136.14%,355.06%
2022-11-17,292.28%,91.68%,135.32%,332.67%
2022-11-18,287.21%,92.60%,135.35%,317.59%
2022-11-21,274.49%,91.85%,132.78%,311.11%
2022-11-22,275.69%,94.45%,135.94%,302.02%
2022-11-23,285.71%,95.60%,138.29%,301.70%
2022-11-25,284.79%,95.55%,137.04%,315.56%
2022-11-28,289.22%,92.53%,133.31%,313.42%
2022-11-29,279.07%,92.22%,131.92%,306.89%
2022-11-30,312.92%,98.17%,142.14%,301.98%
2022-12-01,335.85%,98.00%,142.45%,323.25%
2022-12-02,330.71%,97.76%,142.01%,335.38%
2022-12-05,304.18%,94.22%,137.33%,331.35%
2022-12-06,287.67%,91.43%,132.58%,309.80%
2022-12-07,285.75%,91.07%,131.39%,301.84%
2022-12-08,289.13%,92.51%,133.99%,302.19%
2022-12-09,291.21%,91.09%,132.36%,317.21%
2022-12-12,290.12%,93.82%,135.30%,316.11%
2022-12-13,299.91%,95.23%,137.68%,331.75%
2022-12-14,296.94%,94.05%,135.87%,338.47%
2022-12-15,275.82%,89.22%,128.26%,341.93%
2022-12-16,269.95%,87.11%,126.04%,325.85%
2022-12-19,271.50%,85.42%,122.68%,324.56%
2022-12-20,274.52%,85.61%,122.70%,309.21%
2022-12-21,279.07%,88.37%,126.12%,312.12%
2022-12-22,264.35%,85.65%,121.20%,315.23%
2022-12-23,258.61%,86.74%,121.66%,304.53%
2022-12-27,253.51%,85.99%,118.60%,300.82%
2022-12-28,246.23%,83.75%,115.65%,291.76%
2022-12-29,267.59%,86.96%,121.24%,290.69%
2022-12-30,262.14%,86.48%,121.00%,310.64%
2023-01-03,272.20%,85.74%,119.32%,312.68%
2023-01-04,286.56%,87.14%,120.83%,310.15%
2023-01-05,277.83%,84.96%,117.59%,313.23%
2023-01-06,290.77%,89.18%,123.17%,293.23%
2023-01-09,291.66%,89.04%,124.57%,295.85%
2023-01-10,288.11%,90.36%,126.83%,308.56%
2023-01-11,289.96%,92.80%,130.82%,310.95%
2023-01-12,301.58%,93.46%,132.28%,320.56%
2023-01-13,322.18%,94.23%,133.93%,324.76%
2023-01-17,331.87%,93.84%,134.27%,328.92%
2023-01-18,324.19%,90.82%,131.35%,337.36%
2023-01-19,317.44%,89.37%,129.14%,329.90%
2023-01-20,339.88%,92.95%,135.23%,321.35%
2023-01-23,370.19%,95.24%,139.96%,335.83%
2023-01-24,362.64%,95.10%,139.32%,353.95%
2023-01-25,399.49%,95.07%,138.88%,348.69%
2023-01-26,412.39%,97.21%,143.08%,349.18%
2023-01-27,428.40%,97.71%,145.39%,363.06%
2023-01-30,395.91%,95.14%,140.58%,374.06%
2023-01-31,413.33%,98.00%,144.60%,361.62%
2023-02-01,421.54%,100.07%,149.50%,372.96%
2023-02-02,446.71%,103.01%,157.62%,394.67%
2023-02-03,436.66%,100.91%,153.52%,419.35%
2023-02-06,425.32%,99.67%,151.00%,402.52%
2023-02-07,423.70%,102.24%,155.78%,390.58%
2023-02-08,412.16%,100.00%,151.49%,400.85%
2023-02-09,406.59%,98.24%,148.93%,396.53%
2023-02-10,391.75%,98.67%,147.42%,386.89%
2023-02-13,395.79%,100.95%,151.09%,377.72%
2023-02-14,410.54%,100.89%,152.53%,387.87%
2023-02-15,438.54%,101.45%,154.87%,398.78%
2023-02-16,367.29%,98.67%,150.33%,414.06%
2023-02-17,353.34%,98.12%,148.88%,393.41%
2023-02-21,337.07%,94.15%,142.66%,383.91%
2023-02-22,344.63%,93.84%,142.97%,370.97%
2023-02-23,350.11%,94.88%,144.73%,377.41%
2023-02-24,349.66%,92.82%,140.60%,379.08%
2023-02-27,348.34%,93.42%,142.12%,365.70%
2023-02-28,358.69%,92.83%,141.88%,365.80%
2023-03-01,352.23%,91.92%,140.27%,367.92%
2023-03-02,363.70%,93.37%,142.04%,361.87%
2023-03-03,381.59%,96.50%,146.81%,371.36%
2023-03-06,387.36%,96.63%,146.53%,389.69%
2023-03-07,380.55%,93.62%,143.46%,384.87%
2023-03-08,385.56%,93.89%,144.42%,380.90%
2023-03-09,373.26%,90.31%,139.41%,379.66%
2023-03-10,359.69%,87.56%,135.19%,363.28%
2023-03-13,359.05%,87.27%,136.25%,339.41%
2023-03-14,384.66%,90.36%,141.30%,344.49%
2023-03-15,380.28%,89.03%,141.43%,352.87%
2023-03-16,391.45%,92.35%,147.41%,355.66%
2023-03-17,387.84%,90.23%,145.57%,365.73%
2023-03-20,381.38%,91.93%,146.52%,358.88%
2023-03-21,398.10%,94.42%,150.42%,355.35%
2023-03-22,386.22%,91.22%,146.41%,370.37%
2023-03-23,383.64%,91.79%,148.89%,354.57%
2023-03-24,375.71%,92.87%,149.66%,361.18%
2023-03-27,381.00%,93.19%,148.49%,356.68%
2023-03-28,375.51%,92.88%,147.38%,359.08%
2023-03-29,396.95%,95.63%,151.82%,356.27%
2023-03-30,402.48%,96.75%,153.66%,365.44%
2023-03-31,418.40%,99.59%,158.06%,370.04%
2023-04-03,420.13%,100.33%,157.38%,389.52%
2023-04-04,419.85%,99.16%,156.04%,381.80%
2023-04-05,396.49%,98.67%,153.31%,378.73%
2023-04-06,394.98%,99.38%,155.23%,360.94%
2023-04-10,392.28%,99.58%,155.16%,364.47%
2023-04-11,389.90%,99.57%,154.05%,363.94%
2023-04-12,387.84%,98.74%,151.88%,362.93%
2023-04-13,396.12%,101.38%,156.89%,360.04%
2023-04-14,401.67%,100.96%,155.98%,368.29%
2023-04-17,421.15%,101.63%,156.71%,364.22%
2023-04-18,426.60%,101.80%,156.61%,368.79%
2023-04-19,423.99%,101.78%,156.70%,370.43%
2023-04-20,415.11%,100.58%,154.63%,367.57%
2023-04-21,421.11%,100.76%,154.91%,360.64%
2023-04-24,416.17%,100.93%,154.16%,364.54%
2023-04-25,396.89%,97.76%,149.14%,354.90%
2023-04-26,397.12%,97.00%,150.30%,334.24%
2023-04-27,405.66%,100.85%,156.38%,339.82%
2023-04-28,417.12%,102.51%,158.16%,343.92%
2023-05-01,410.86%,102.43%,157.86%,339.60%
2023-05-02,403.52%,100.09%,155.08%,337.84%
2023-05-03,405.30%,98.69%,153.91%,324.91%
2023-05-04,492.83%,97.25%,152.67%,318.43%
2023-05-05,531.99%,100.90%,158.35%,323.68%
2023-05-08,555.74%,100.99%,158.80%,332.26%
2023-05-09,552.11%,100.07%,157.17%,339.73%
2023-05-10,547.14%,100.96%,159.85%,339.21%
2023-05-11,544.34%,100.62%,160.31%,348.97%
2023-05-12,531.07%,100.31%,159.39%,346.12%
2023-05-15,531.59%,100.90%,161.09%,340.42%
2023-05-16,516.70%,99.62%,160.62%,355.42%
2023-05-17,526.20%,101.99%,163.95%,349.24%
2023-05-18,528.96%,103.90%,167.92%,361.45%
2023-05-19,521.04%,103.60%,167.27%,371.28%
2023-05-22,537.63%,103.63%,168.59%,368.52%
2023-05-23,498.88%,101.35%,165.21%,381.43%
2023-05-24,505.38%,99.88%,163.60%,375.10%
2023-05-25,489.52%,101.63%,168.12%,376.61%
2023-05-26,509.62%,104.26%,173.98%,371.65%
2023-05-30,490.64%,104.26%,174.86%,383.59%
2023-05-31,478.93%,103.01%,173.12%,392.15%
2023-06-01,487.00%,105.01%,176.62%,402.64%
2023-06-02,490.41%,107.99%,179.57%,401.37%
2023-06-05,510.28%,107.58%,179.33%,407.12%
2023-06-06,541.61%,108.07%,180.33%,410.51%
2023-06-07,494.75%,107.27%,176.71%,423.54%
2023-06-08,488.78%,108.55%,179.53%,411.26%
2023-06-09,509.50%,108.79%,179.96%,413.14%
2023-06-12,545.17%,110.74%,184.24%,415.30%
2023-06-13,528.34%,112.20%,186.60%,426.80%
2023-06-14,549.10%,112.38%,187.72%,437.06%
2023-06-15,552.37%,114.96%,191.02%,433.54%
2023-06-16,536.58%,114.17%,189.05%,444.29%
2023-06-20,532.31%,113.16%,188.58%,436.20%
2023-06-21,523.83%,112.04%,185.09%,428.30%
2023-06-22,530.98%,112.83%,187.81%,412.88%
2023-06-23,532.34%,111.20%,184.89%,414.63%
2023-06-26,519.23%,110.25%,181.58%,407.60%
2023-06-27,519.35%,112.66%,186.22%,401.82%
2023-06-28,530.43%,112.58%,186.98%,412.03%
2023-06-29,517.55%,113.53%,186.98%,419.78%
2023-06-30,529.11%,116.15%,191.13%,418.73%
2023-07-03,527.44%,116.41%,191.74%,423.50%
2023-07-05,534.98%,115.98%,191.21%,423.22%
2023-07-06,500.92%,114.27%,188.83%,420.62%
2023-07-07,498.85%,113.66%,188.44%,411.40%
2023-07-10,489.91%,114.17%,188.96%,413.30%
2023-07-11,501.48%,115.61%,190.55%,426.77%
2023-07-12,527.88%,117.21%,193.89%,437.33%
2023-07-13,566.45%,119.05%,198.53%,441.32%
2023-07-14,550.78%,118.83%,198.01%,456.41%
2023-07-17,556.72%,119.67%,200.78%,447.64%
2023-07-18,546.56%,121.23%,203.07%,459.50%
2023-07-19,556.17%,121.76%,203.16%,464.71%
2023-07-20,529.01%,120.26%,196.94%,466.11%
2023-07-21,531.26%,120.33%,196.30%,445.79%
2023-07-24,533.63%,121.22%,196.85%,443.75%
2023-07-25,520.38%,121.84%,198.66%,441.19%
2023-07-26,516.60%,121.81%,198.29%,446.77%
2023-07-27,517.43%,120.38%,196.66%,449.18%
2023-07-28,528.09%,122.56%,202.29%,439.87%
2023-07-31,546.71%,122.88%,202.91%,452.89%
2023-08-01,537.48%,122.29%,201.60%,469.06%
2023-08-02,511.40%,119.21%,195.04%,464.96%
2023-08-03,481.77%,118.66%,194.75%,437.93%
2023-08-04,477.98%,117.50%,193.69%,437.69%
2023-08-07,471.19%,119.46%,195.49%,433.87%
2023-08-08,463.29%,118.53%,193.16%,434.43%
2023-08-09,459.24%,117.00%,189.74%,417.80%
2023-08-10,472.96%,117.05%,190.07%,411.63%
2023-08-11,459.68%,116.82%,188.11%,413.04%
2023-08-14,455.54%,118.06%,191.14%,414.17%
2023-08-15,444.90%,115.55%,187.81%,417.62%
2023-08-16,441.76%,113.92%,184.51%,409.61%
2023-08-17,423.44%,112.27%,181.18%,406.21%
2023-08-18,438.10%,112.24%,180.63%,396.67%
2023-08-21,436.13%,113.70%,185.00%,400.50%
2023-08-22,444.59%,113.10%,185.17%,403.65%
2023-08-23,447.52%,115.46%,189.71%,404.48%
2023-08-24,429.98%,112.56%,184.29%,411.97%
2023-08-25,434.29%,113.98%,186.96%,398.50%
2023-08-28,443.47%,115.32%,189.38%,403.40%
2023-08-29,471.67%,118.45%,194.42%,403.24%
2023-08-30,482.15%,119.29%,196.01%,412.63%
2023-08-31,546.46%,118.94%,196.34%,418.64%
2023-09-01,562.11%,119.33%,196.28%,427.12%
2023-09-05,554.41%,118.41%,196.05%,432.54%
2023-09-06,550.17%,116.89%,192.91%,432.64%
2023-09-07,545.24%,116.19%,190.30%,430.65%
2023-09-08,529.74%,116.50%,190.57%,426.80%
