,x_feature,y_feature,slope,intercept
0,gross_margin,ev_to_rev,3.5907822286110984,1.2814636058377793
1,gross_margin,ev_to_gp,-10.177842444411159,12.736327664497175
2,gross_margin,ev_to_ntm_rev,1.2441159876265506,2.3401174372877325
3,ebitda_margin,ev_to_rev,1.0215876510588113,3.154972250796853
4,ebitda_margin,ev_to_gp,3.954140140868711,6.756793578617409
5,ebitda_margin,ev_to_ntm_rev,0.2898067372768367,2.972195087462532
6,net_profit_margin_ttm,ev_to_rev,1.3595497140262502,3.235413895634396
7,net_profit_margin_ttm,ev_to_gp,6.407326951462571,6.9438861591866585
8,net_profit_margin_ttm,ev_to_ntm_rev,0.7569304183792577,3.0100328324314463
9,revenue_growth_rate,ev_to_rev,0.5952243170193777,3.072855363302063
10,revenue_growth_rate,ev_to_gp,-4.678707953690379,8.64496746566821
11,revenue_growth_rate,ev_to_ntm_rev,-0.5526199768036777,3.210957394847599
12,estimated_revenue_growth,ev_to_rev,3.601796762893944,2.5024536342208306
13,estimated_revenue_growth,ev_to_gp,6.417120480961932,5.736696210510319
14,estimated_revenue_growth,ev_to_ntm_rev,2.34675723873962,2.529279566324445
